frame,pre_ms,seg_ms,depth_ms,post_ms,pub_ms,total_ms,e2e_ms
0,3.55,95.66,39.74,4.80,0.20,143.94,148.07
1,1.59,48.56,33.70,4.42,0.17,88.44,211.02
2,2.23,50.33,35.12,4.35,0.20,92.24,210.02
3,1.70,48.48,33.29,7.09,0.25,90.80,173.93
4,2.22,52.09,33.59,5.55,0.19,93.64,174.75
5,2.25,49.52,34.90,4.25,0.18,91.11,142.41
6,2.30,51.61,34.20,4.50,0.16,92.77,105.44
7,1.96,50.16,34.66,5.43,0.18,92.40,104.11
8,2.35,51.78,35.83,3.98,0.14,94.08,104.92
9,1.43,51.60,28.96,5.21,0.17,87.37,97.16
10,2.14,50.35,30.57,5.43,0.20,88.69,91.45
11,1.88,52.21,32.96,4.24,0.15,91.44,120.92
12,1.26,50.25,32.44,4.81,0.16,88.92,115.98
13,2.25,48.38,32.06,4.43,0.17,87.28,108.92
14,2.16,49.29,32.38,5.44,0.17,89.45,104.62
15,2.26,51.11,32.80,5.87,0.19,92.23,103.87
16,2.05,51.76,31.88,5.08,0.22,90.99,101.31
17,2.11,42.13,37.22,3.47,0.14,85.07,91.76
18,2.48,50.14,33.78,5.41,0.17,91.99,121.89
19,2.15,51.71,37.22,3.52,0.13,94.73,122.65
20,1.94,51.94,32.93,3.60,0.13,90.54,118.42
21,1.25,49.84,28.80,3.38,0.13,83.41,138.43
22,1.22,46.44,31.48,3.39,0.13,82.66,93.85
23,1.27,45.26,33.84,5.28,0.16,85.81,115.79
24,2.31,52.83,34.20,3.97,0.14,93.45,114.96
25,1.37,49.22,31.64,4.03,0.18,86.43,106.43
26,2.00,46.60,28.23,3.74,0.14,80.69,92.36
27,2.97,47.18,34.52,3.75,0.17,88.59,117.90
28,1.96,50.63,32.38,5.28,0.17,90.41,113.62
29,2.31,49.73,32.14,5.29,0.16,89.63,109.79
30,2.26,53.26,34.11,5.11,0.18,94.92,110.60
31,2.38,52.47,26.02,4.46,0.17,85.50,102.59
32,2.34,49.42,32.72,6.02,0.22,90.71,97.86
33,2.37,50.10,28.46,3.68,0.14,84.76,91.03
34,1.40,58.17,30.77,3.41,0.13,93.89,121.82
35,1.24,47.13,30.90,3.62,0.14,83.03,109.57
36,1.86,48.35,32.57,3.73,0.14,86.65,101.48
37,1.35,49.69,29.68,3.85,0.17,84.74,91.34
38,2.09,54.86,27.87,4.43,0.15,89.41,117.65
39,2.12,52.06,32.91,3.69,0.17,90.96,114.45
40,1.94,51.50,34.67,4.72,0.16,93.00,112.78
41,2.21,50.03,35.14,5.06,0.17,92.61,142.64
42,2.30,50.76,34.12,3.35,0.13,90.67,109.89
43,1.29,50.85,32.79,4.75,0.16,89.84,103.51
44,1.63,47.91,30.22,5.85,0.18,85.78,95.40
45,2.37,45.89,33.55,5.81,0.17,87.80,121.21
46,2.41,46.61,35.24,4.62,0.15,89.04,116.88
47,2.10,48.19,34.80,5.06,0.16,90.32,112.77
48,2.09,51.09,34.75,5.14,0.18,93.26,144.00
49,2.16,50.96,34.15,4.73,0.15,92.14,106.59
50,2.33,50.92,33.84,3.38,0.13,90.60,110.45
51,1.97,51.77,32.33,5.90,0.21,92.17,107.53
52,2.28,49.67,27.78,4.42,0.14,84.28,98.76
53,1.29,48.31,30.73,5.45,0.17,85.96,89.52
54,1.81,46.96,34.63,3.38,0.13,86.90,113.12
55,1.97,47.84,34.22,3.57,0.16,87.76,106.04
56,2.03,52.40,31.55,3.39,0.13,89.50,99.91
57,1.81,46.15,30.76,3.45,0.15,82.31,86.21
58,1.31,45.46,36.41,5.33,0.20,88.70,115.96
59,2.36,46.94,34.08,5.36,0.19,88.94,107.01
60,2.38,47.48,27.69,5.54,0.18,83.28,96.46
61,1.99,46.89,29.95,5.63,0.18,84.64,122.43
62,2.20,49.04,31.71,5.07,0.17,88.19,117.42
63,1.86,45.86,32.27,6.79,0.21,87.00,109.98
64,1.32,50.13,32.77,3.82,0.17,88.21,99.49
65,2.17,46.70,28.02,3.98,0.15,81.03,85.57
66,1.85,49.76,32.67,3.94,0.15,88.37,114.90
67,2.05,43.96,47.86,4.81,0.16,98.85,118.62
68,1.43,52.17,40.25,4.22,0.20,98.29,121.45
69,2.39,51.59,40.61,5.43,0.21,100.23,125.24
70,5.96,72.60,33.43,3.48,0.14,115.62,146.47
71,1.33,53.25,38.82,3.91,0.15,97.46,117.67
72,1.67,55.87,39.70,3.63,0.16,101.02,123.80
73,1.71,52.84,39.99,3.50,0.14,98.18,126.07
74,1.33,54.23,37.52,4.13,0.16,97.36,128.74
75,1.70,50.47,36.20,3.47,0.14,91.98,124.84
76,2.05,57.79,33.12,4.42,0.16,97.54,127.54
77,2.08,55.03,37.92,3.90,0.14,99.07,128.49
78,1.33,54.36,35.40,4.71,0.21,96.02,100.12
79,2.61,53.06,39.66,3.44,0.16,98.93,105.69
80,2.04,50.93,39.86,5.69,0.21,98.74,110.18
81,1.73,53.59,36.51,5.79,0.18,97.80,113.73
82,2.52,54.50,38.92,5.00,0.16,101.10,120.15
83,1.64,57.57,41.17,3.68,0.16,104.23,129.33
84,3.14,56.37,39.03,4.53,0.17,103.24,137.14
85,1.62,57.62,41.80,4.99,0.16,106.19,113.15
86,1.79,48.74,38.83,5.08,0.14,94.57,114.01
87,2.31,51.94,40.41,5.31,0.17,100.14,118.93
88,1.70,52.41,41.00,4.58,0.14,99.83,124.81
89,2.13,51.63,37.13,4.53,0.17,95.59,127.90
90,2.15,48.72,37.67,3.84,0.15,92.53,126.76
91,1.38,54.88,38.94,5.72,0.18,101.09,133.20
92,2.18,51.00,35.26,3.69,0.15,92.27,95.72
93,1.71,53.49,35.95,4.30,0.16,95.61,131.44
94,2.07,52.77,36.52,5.71,0.18,97.26,134.64
95,2.44,52.90,39.20,5.29,0.17,100.00,136.63
96,2.44,51.53,36.58,5.66,0.19,96.40,107.62
97,2.36,54.93,36.91,5.81,0.18,100.19,147.27
98,2.26,48.72,36.22,4.80,0.14,92.14,145.67
99,2.18,49.94,37.80,4.61,0.14,94.68,114.53
100,2.02,50.50,36.88,4.53,0.17,94.11,146.40
101,2.04,51.66,37.25,4.01,0.16,95.12,115.84
102,2.00,54.53,35.75,3.47,0.14,95.89,117.19
103,1.86,58.99,40.39,4.83,0.14,106.20,124.55
104,2.29,59.25,36.63,4.17,0.17,102.50,132.21
105,1.43,50.15,33.10,3.31,0.13,88.13,95.72
106,1.83,46.46,32.64,3.34,0.13,84.40,116.51
107,2.23,47.18,30.25,3.69,0.14,83.49,104.66
108,2.23,55.42,42.72,3.42,0.14,103.92,112.61
109,1.43,46.68,32.07,3.76,0.15,84.09,101.18
110,2.11,46.78,31.77,4.75,0.16,85.58,92.68
111,2.09,50.50,31.84,4.75,0.17,89.35,119.19
112,2.30,50.17,34.10,5.40,0.18,92.15,116.33
113,2.41,52.39,48.54,3.73,0.14,107.21,129.70
114,1.54,48.96,30.71,4.15,0.16,85.52,88.57
115,2.45,52.53,41.43,5.59,0.18,102.19,128.19
116,2.11,55.53,36.66,4.08,0.21,98.59,102.03
117,2.31,60.81,41.09,4.71,0.19,109.11,113.20
118,2.01,55.56,37.12,5.32,0.14,100.14,119.45
119,2.11,56.46,41.10,4.55,0.17,104.40,130.22
120,2.20,60.11,38.07,4.09,0.18,104.66,110.23
121,2.22,67.79,39.32,4.08,0.24,113.66,129.84
122,2.44,57.13,35.96,4.70,0.24,100.47,136.41
123,1.77,53.33,38.26,5.89,0.18,99.43,106.32
124,2.35,58.93,40.23,4.06,0.17,105.74,118.27
125,1.41,56.39,38.84,5.85,0.18,102.67,126.96
126,2.26,57.58,42.19,5.51,0.21,107.75,140.61
127,2.46,55.01,40.78,4.94,0.19,103.37,151.88
128,2.14,57.18,41.84,5.24,0.21,106.61,133.60
129,2.53,60.97,33.53,4.39,0.16,101.57,143.68
130,1.42,56.10,38.65,5.47,0.20,101.83,147.73
131,2.07,56.35,43.49,3.97,0.18,106.07,129.27
132,1.42,62.28,40.22,5.58,0.19,109.69,145.09
133,2.12,56.59,40.85,4.31,0.18,104.06,156.91
134,1.83,59.82,36.73,5.29,0.21,103.88,131.06
135,2.47,57.79,36.32,4.90,0.17,101.65,107.85
136,2.17,59.40,40.72,5.41,0.17,107.88,121.77
137,2.42,60.51,29.93,4.04,0.21,97.12,125.80
138,1.98,55.53,41.70,3.82,0.14,103.17,134.37
139,1.44,57.61,40.62,4.41,0.20,104.27,107.98
140,1.83,55.29,37.32,4.08,0.17,98.68,148.50
141,1.55,53.93,36.41,4.69,0.16,96.74,151.08
142,2.23,55.22,36.12,5.44,0.17,99.18,120.35
143,1.80,57.79,37.72,4.33,0.19,101.84,127.67
144,2.07,56.54,41.01,4.15,0.19,103.95,107.88
145,1.75,70.60,37.66,5.16,0.19,115.36,129.45
146,2.48,67.27,39.40,5.02,0.19,114.37,147.31
147,2.32,71.73,34.17,6.09,0.21,114.52,169.57
148,2.35,67.89,38.37,5.72,0.26,114.59,161.93
149,2.12,69.78,37.07,4.96,0.18,114.12,183.97
150,1.79,62.02,35.83,5.90,0.19,105.73,129.05
151,2.27,65.96,39.86,4.42,0.23,112.73,117.63
152,2.11,57.15,37.11,5.97,0.18,102.53,126.50
153,2.45,64.94,39.39,5.85,0.22,112.84,145.91
154,2.27,63.71,38.69,5.63,0.21,110.51,127.17
155,2.38,66.29,40.00,4.12,0.17,112.95,147.67
156,2.14,64.54,39.99,5.15,0.19,112.01,133.02
157,2.20,63.91,37.52,3.47,0.14,107.23,144.60
158,1.83,64.31,33.18,6.02,0.18,105.53,156.00
159,4.01,60.72,38.55,5.88,0.22,109.38,139.32
160,2.54,63.82,39.35,6.12,0.22,112.03,160.33
161,3.58,63.32,40.50,6.09,0.27,113.75,181.74
162,1.92,73.36,28.78,4.69,0.19,108.93,130.87
163,1.76,69.19,37.70,5.98,0.20,114.82,152.93
164,1.88,69.14,39.66,5.35,0.20,116.23,143.45
165,2.02,66.18,42.46,4.83,0.19,115.68,162.34
166,2.26,66.02,40.67,4.51,0.18,113.64,119.86
167,1.79,69.87,36.46,4.21,0.18,112.51,138.83
168,1.57,70.23,40.82,3.41,0.14,116.17,161.63
169,1.33,58.81,37.45,4.77,0.17,102.53,133.34
170,1.76,64.01,39.41,6.27,0.21,111.67,150.82
171,2.55,62.75,37.75,5.19,0.17,108.41,167.00
172,2.24,62.17,34.64,4.52,0.16,103.73,109.53
173,1.68,64.33,40.15,4.40,0.18,110.73,157.17
174,2.58,66.57,40.61,3.40,0.13,113.29,176.63
175,1.28,59.19,36.48,4.41,0.15,101.52,151.47
176,2.09,67.75,33.69,3.60,0.16,107.29,133.77
177,1.79,64.08,31.88,5.00,0.17,102.92,107.95
178,1.46,64.89,39.52,3.84,0.16,109.88,123.13
179,2.15,66.03,46.38,5.57,0.21,120.33,149.29
180,2.14,64.24,37.56,4.19,0.16,108.30,127.87
181,2.23,66.71,33.34,3.50,0.14,105.92,140.44
182,2.20,62.52,32.87,3.41,0.14,101.13,150.16
183,1.35,85.76,40.50,3.72,0.17,131.50,157.76
184,1.53,70.37,41.37,3.95,0.17,117.38,144.88
185,1.90,66.83,41.04,6.23,0.21,116.20,167.78
186,1.87,70.77,34.29,4.49,0.18,111.60,123.53
187,2.14,69.08,39.62,4.00,0.17,115.02,143.86
188,2.01,66.54,41.01,4.97,0.17,114.70,129.94
189,1.49,62.71,39.79,5.45,0.20,109.64,115.52
190,2.37,65.37,38.51,5.55,0.20,112.00,134.87
191,2.18,64.93,41.77,5.15,0.19,114.22,120.48
192,2.13,65.21,39.21,3.96,0.17,110.69,137.67
193,2.29,62.90,43.10,4.77,0.20,113.25,124.15
194,2.04,62.99,43.88,6.06,0.21,115.18,145.14
195,2.29,66.11,40.41,5.49,0.21,114.51,168.51
196,1.95,65.42,43.19,4.62,0.17,115.35,124.32
197,1.50,73.74,39.83,3.64,0.14,118.85,150.69
198,1.29,66.43,31.81,4.30,0.14,103.97,159.53
199,1.63,66.95,36.90,3.56,0.14,109.18,138.46
200,1.83,67.23,38.65,5.53,0.23,113.48,125.86
201,1.95,68.98,37.81,4.99,0.23,113.95,146.38
202,2.33,67.74,35.49,6.18,0.21,111.96,130.05
203,2.42,64.98,40.30,6.00,0.21,113.90,152.31
204,2.55,66.06,44.44,6.22,0.22,119.49,147.64
205,2.57,67.24,37.17,5.23,0.20,112.41,168.04
206,1.90,69.10,37.87,6.04,0.21,115.11,122.34
207,2.41,69.10,36.77,6.20,0.21,114.69,144.07
208,1.73,64.56,38.89,3.78,0.17,109.13,160.66
209,1.62,66.38,40.58,4.13,0.17,112.87,142.71
210,1.76,64.94,40.58,6.15,0.21,113.63,130.26
211,2.32,62.72,36.57,6.35,0.21,108.18,146.32
212,2.45,65.36,36.09,4.39,0.16,108.45,162.70
213,1.98,67.15,40.07,4.30,0.20,113.70,145.90
214,2.24,62.52,41.11,4.32,0.19,110.39,130.59
215,2.08,62.58,36.58,4.06,0.14,105.44,143.72
216,2.15,62.50,38.23,4.18,0.14,107.20,155.84
217,1.74,63.56,37.72,6.26,0.20,109.49,135.35
218,2.34,65.79,38.74,4.08,0.24,111.19,121.23
219,1.99,65.49,37.09,6.47,0.18,111.22,139.12
220,2.25,65.41,37.91,4.66,0.21,110.44,119.40
221,2.20,67.09,39.42,6.30,0.22,115.21,142.50
222,2.35,62.82,39.87,5.70,0.22,110.97,160.83
223,2.14,63.20,34.80,6.30,0.24,106.68,174.52
224,2.31,67.04,41.32,5.11,0.16,115.93,130.28
225,1.77,65.22,39.54,3.89,0.16,110.59,115.07
226,2.17,58.26,38.23,5.73,0.18,104.57,126.61
227,1.59,71.07,37.64,3.65,0.13,114.07,146.89
228,1.72,64.95,37.55,4.32,0.22,108.76,161.76
229,1.86,60.48,35.92,4.43,0.15,102.85,135.13
230,1.64,58.09,35.93,3.97,0.15,99.78,141.11
231,2.33,56.66,36.63,5.11,0.18,100.91,148.22
232,2.95,58.99,38.52,4.33,0.23,105.01,127.23
233,2.24,67.98,28.12,5.44,0.18,103.98,137.11
234,1.96,62.09,37.02,3.92,0.18,105.17,111.88
235,1.62,64.92,40.05,5.86,0.21,112.65,131.73
236,2.50,66.70,39.47,5.77,0.19,114.62,122.44
237,3.00,62.95,32.71,5.91,0.19,104.76,133.81
238,2.42,57.54,47.19,6.08,0.21,113.43,151.20
239,2.48,63.32,39.22,6.36,0.23,111.60,137.60
240,2.50,61.48,36.48,5.80,0.18,106.44,120.25
241,2.46,55.91,46.64,6.40,0.19,111.59,139.10
242,2.45,63.37,36.22,3.47,0.14,105.66,148.17
243,1.57,56.04,37.71,4.05,0.16,99.54,120.74
244,2.70,57.06,40.07,4.35,0.18,104.36,130.82
245,2.24,57.81,37.37,4.88,0.14,102.43,109.11
246,2.08,57.59,34.37,5.40,0.23,99.67,109.90
247,2.17,60.06,36.85,5.76,0.19,105.03,120.69
248,2.27,54.86,34.80,4.16,0.15,96.24,123.20
249,2.02,59.23,36.73,5.72,0.19,103.89,132.69
250,2.40,67.42,28.40,5.87,0.19,104.27,111.08
251,2.25,58.64,35.89,3.48,0.14,100.40,119.05
252,1.66,57.64,35.46,4.77,0.19,99.72,122.83
253,2.14,65.03,32.60,7.02,0.22,107.01,137.47
254,2.09,64.49,38.41,4.52,0.22,109.74,117.18
255,1.98,58.24,37.17,5.99,0.18,103.57,126.45
256,1.95,62.56,38.49,6.10,0.20,109.30,144.10
257,1.86,69.34,36.51,4.49,0.18,112.38,131.57
258,2.43,66.42,40.14,3.81,0.17,112.97,116.92
259,2.86,76.70,33.89,4.12,0.15,117.71,139.41
260,2.65,58.79,36.55,3.44,0.14,101.57,115.10
261,1.37,60.45,35.65,4.01,0.14,101.61,122.81
262,2.17,66.36,37.13,4.14,0.17,109.96,135.26
263,1.44,67.95,39.01,6.14,0.20,114.75,123.65
264,2.37,63.00,38.53,3.43,0.16,107.50,136.55
265,2.21,63.78,38.58,4.06,0.13,108.76,121.15
266,2.21,62.83,34.03,3.91,0.13,103.11,162.17
267,2.30,64.96,39.56,5.58,0.20,112.59,146.22
268,2.25,68.97,37.87,5.89,0.20,115.19,136.26
269,1.96,61.24,37.20,4.76,0.16,105.33,116.00
270,1.53,56.70,35.51,5.06,0.23,99.03,117.21
271,2.08,62.21,35.54,4.43,0.19,104.44,127.95
272,1.68,70.56,36.42,5.07,0.17,113.90,149.27
273,2.44,69.38,39.17,4.96,0.16,116.11,173.36
274,2.44,62.02,36.28,3.66,0.17,104.57,114.68
275,2.43,69.39,35.47,6.50,0.21,114.01,137.58
276,2.56,66.11,41.88,6.14,0.21,116.90,129.68
277,2.56,64.10,38.78,5.04,0.17,110.66,149.82
278,1.51,62.55,35.72,3.64,0.16,103.58,159.99
279,2.48,63.95,33.62,4.82,0.17,105.04,135.37
280,1.26,65.22,39.94,5.41,0.19,112.02,120.67
281,2.34,65.22,41.19,5.20,0.16,114.10,140.47
282,3.03,63.52,36.34,5.05,0.19,108.13,118.96
283,1.99,67.84,34.86,5.08,0.19,109.98,135.97
284,2.53,65.45,41.16,4.42,0.19,113.76,124.25
285,2.23,68.07,37.77,5.74,0.20,114.02,146.40
286,3.00,69.17,39.41,3.73,0.17,115.48,170.35
287,2.02,64.27,40.55,4.80,0.18,111.81,152.02
288,2.18,69.60,39.33,3.96,0.18,115.26,174.35
289,2.29,62.45,40.94,3.53,0.14,109.36,123.77
290,1.35,62.89,27.34,4.13,0.14,95.84,123.67
291,1.71,64.83,40.71,3.82,0.16,111.24,140.91
292,2.89,54.33,45.96,5.20,0.17,108.56,154.18
293,1.34,65.54,37.56,6.27,0.22,110.92,140.28
294,2.46,67.41,37.12,6.02,0.21,113.23,161.22
295,2.57,65.73,37.61,3.83,0.17,109.91,179.01
296,2.11,72.00,31.56,5.22,0.19,111.08,129.19
297,3.05,63.88,35.34,5.32,0.17,107.77,143.40
298,1.74,62.57,35.80,6.06,0.21,106.38,156.91
299,2.55,66.86,37.88,6.31,0.22,113.82,178.63
300,2.40,60.39,39.34,6.01,0.18,108.32,126.21
301,3.54,57.46,37.62,5.08,0.19,103.88,137.35
302,2.20,66.26,38.63,5.97,0.20,113.25,157.50
303,2.43,65.94,40.06,3.51,0.15,112.08,176.47
304,1.42,54.21,41.14,4.71,0.19,101.68,115.72
305,2.02,76.95,27.48,3.38,0.14,109.97,132.09
306,1.54,59.42,38.13,4.04,0.15,103.27,105.56
307,2.07,64.49,40.71,4.36,0.17,111.80,123.97
308,1.77,67.07,40.09,5.91,0.21,115.04,144.16
309,2.49,64.36,35.20,5.91,0.21,108.17,127.55
310,4.26,65.63,40.86,5.24,0.17,116.17,150.93
311,1.75,62.10,38.53,4.53,0.18,107.08,128.73
312,1.34,63.38,40.51,4.02,0.17,109.42,113.96
313,1.74,67.82,37.16,3.94,0.17,110.82,134.65
314,1.51,68.57,36.00,5.21,0.19,111.48,153.50
315,1.99,69.30,38.21,4.85,0.17,114.53,174.86
316,2.22,64.18,35.94,5.78,0.17,108.30,121.37
317,2.29,62.70,32.40,3.77,0.14,101.31,128.77
318,2.45,65.97,39.16,3.77,0.17,111.51,145.73
319,2.35,72.24,39.92,3.68,0.14,118.34,133.35
320,2.39,61.37,31.80,4.85,0.16,100.57,140.66
321,2.06,57.14,38.22,5.26,0.16,102.84,149.67
322,2.19,63.28,33.50,3.96,0.19,103.11,160.17
323,2.15,56.03,36.90,5.00,0.14,100.22,135.09
324,1.57,63.65,33.90,6.15,0.35,105.61,143.16
325,2.44,60.19,35.20,5.11,0.20,103.13,154.95
326,2.47,58.20,42.14,4.47,0.19,107.47,138.17
327,2.70,64.66,38.51,5.38,0.21,111.46,124.35
328,1.74,75.52,24.57,4.96,0.22,107.01,133.75
329,2.25,64.76,41.10,3.87,0.16,112.14,120.87
330,1.83,65.61,39.41,3.80,0.20,110.85,136.97
331,2.11,64.06,39.61,5.01,0.18,110.97,122.92
332,2.37,59.67,39.52,6.19,0.20,107.94,132.65
333,2.33,64.47,38.08,5.76,0.20,110.85,120.35
334,2.42,71.64,37.33,5.87,0.21,117.47,145.13
335,2.21,66.91,37.57,5.09,0.19,111.98,132.55
336,1.64,66.64,38.46,6.06,0.21,113.01,116.57
337,2.38,68.28,40.29,5.08,0.16,116.18,139.84
338,2.47,69.79,35.42,4.48,0.18,112.34,127.83
339,1.87,65.38,39.05,4.26,0.17,110.74,144.70
340,1.61,66.60,40.97,4.18,0.18,113.54,129.50
341,1.60,63.17,38.50,5.07,0.19,108.53,145.47
342,2.25,70.22,39.07,4.74,0.17,116.44,137.90
343,2.64,69.15,38.54,4.52,0.17,115.03,161.16
344,2.25,64.31,39.80,5.15,0.25,111.76,175.12
345,2.05,67.37,41.08,5.64,0.22,116.37,136.54
346,1.45,63.76,42.35,3.76,0.16,111.49,155.48
347,1.49,69.10,36.50,4.50,0.16,111.76,168.65
348,2.14,69.11,40.95,3.91,0.16,116.27,128.82
349,5.31,68.87,40.60,3.45,0.16,118.39,153.02
350,1.34,61.54,37.03,5.04,0.16,105.11,128.40
351,2.34,64.66,37.44,6.25,0.21,110.90,114.75
352,2.45,64.03,41.06,4.64,0.21,112.39,166.10
353,1.92,68.79,42.15,6.18,0.22,119.26,124.38
354,2.49,61.01,41.98,5.79,0.19,111.45,144.52
355,2.42,61.63,41.53,5.21,0.19,110.97,129.88
356,2.17,61.67,40.78,5.80,0.21,110.64,119.01
357,2.38,64.33,34.92,4.81,0.18,106.62,134.44
358,2.27,67.08,41.23,5.40,0.20,116.18,124.97
359,2.39,69.14,37.69,5.77,0.14,115.14,147.26
360,1.65,57.97,37.10,4.21,0.13,101.06,154.50
361,2.90,59.37,36.50,5.10,0.19,104.06,129.89
362,2.03,69.11,36.63,5.96,0.21,113.95,118.97
363,2.25,67.20,37.94,3.72,0.17,111.29,170.15
364,1.59,74.98,21.69,5.88,0.18,104.31,112.53
365,2.32,60.63,36.74,4.38,0.20,104.28,123.61
366,4.07,68.34,38.05,5.40,0.20,116.07,146.02
367,2.40,56.24,37.85,5.79,0.18,102.47,123.41
368,2.34,68.36,38.19,5.45,0.24,114.58,144.78
369,2.75,61.33,34.86,4.29,0.19,103.42,154.44
370,1.39,61.32,33.12,3.78,0.18,99.79,125.38
371,3.21,62.25,40.05,5.83,0.19,111.53,142.66
372,1.49,59.91,42.30,5.69,0.18,109.57,126.40
373,2.43,60.24,39.03,6.12,0.21,108.02,140.70
374,2.17,64.38,38.98,5.85,0.16,111.54,123.64
375,1.82,65.65,39.92,5.08,0.17,112.64,143.74
376,2.02,65.13,38.91,5.15,0.20,111.41,129.27
377,2.17,66.15,34.71,5.98,0.18,109.18,147.27
378,2.39,62.27,34.56,4.58,0.18,103.98,123.32
379,3.38,70.47,40.60,3.73,0.15,118.34,149.98
380,4.30,55.35,49.78,4.11,0.17,113.72,139.27
381,1.43,65.44,39.22,5.18,0.18,111.46,157.23
382,2.55,61.95,38.92,5.71,0.21,109.34,170.22
383,2.50,62.12,34.51,4.71,0.15,104.00,149.99
384,2.13,60.45,37.12,5.88,0.19,105.77,161.15
385,2.73,63.58,27.41,7.45,0.22,101.39,137.47
386,2.44,50.33,37.04,4.42,0.15,94.38,102.74
387,2.08,55.99,38.55,4.69,0.15,101.46,109.15
388,1.46,57.74,35.33,6.09,0.21,100.84,115.15
389,2.46,62.59,49.81,3.74,0.17,118.77,139.69
390,1.38,68.81,40.43,3.65,0.20,114.48,125.59
391,2.64,68.50,34.66,5.33,0.17,111.31,140.43
392,2.31,54.64,35.05,3.61,0.13,95.74,112.74
393,2.43,67.52,26.62,6.21,0.17,102.93,121.87
394,2.11,61.46,32.73,4.93,0.14,101.37,128.62
395,2.41,62.42,36.94,5.67,0.40,107.85,142.66
396,2.35,63.04,36.52,3.72,0.17,105.80,156.27
397,2.21,59.02,36.51,4.62,0.14,102.49,128.17
398,2.27,56.36,38.07,5.49,0.18,102.37,135.50
399,2.38,57.78,37.02,6.45,0.28,103.92,114.93
400,2.48,67.64,38.57,6.19,0.20,115.08,137.33
401,2.14,64.06,32.85,4.33,0.17,103.55,112.82
402,1.61,60.09,37.38,4.56,0.20,103.85,122.15
403,2.31,60.17,41.97,5.21,0.16,109.83,139.39
404,2.33,60.37,47.04,3.74,0.14,113.62,127.23
405,2.04,68.22,35.40,4.78,0.14,110.58,142.67
406,2.38,63.00,37.33,4.25,0.19,107.15,152.38
407,2.13,61.52,39.78,3.96,0.18,107.57,165.66
408,2.28,60.39,37.25,4.72,0.18,104.82,113.48
409,1.89,61.74,36.66,4.12,0.15,104.56,124.54
410,2.04,59.78,29.84,5.22,0.17,97.05,122.36
411,2.41,55.13,38.19,5.21,0.17,101.11,130.23
412,1.48,56.05,40.34,3.54,0.14,101.55,139.36
413,1.45,70.35,46.14,3.43,0.14,121.50,166.22
414,1.47,54.30,36.81,3.68,0.16,96.42,100.41
415,2.05,58.14,36.10,3.56,0.15,100.00,105.88
416,2.18,54.22,39.43,3.76,0.17,99.76,110.85
417,2.17,58.16,36.73,4.67,0.19,101.91,118.42
418,2.26,61.34,34.40,4.84,0.16,102.99,128.03
419,1.49,64.70,37.72,5.84,0.19,109.94,113.81
420,2.60,55.45,40.58,5.79,0.19,104.60,124.75
421,2.38,64.50,39.80,4.02,0.15,110.86,140.73
422,2.12,64.33,41.69,4.52,0.17,112.84,124.34
423,2.24,65.40,39.43,4.53,0.23,111.82,141.89
424,2.22,62.14,37.13,5.19,0.19,106.87,123.75
425,1.98,58.16,36.79,4.05,0.21,101.19,131.25
426,1.53,54.93,34.44,4.38,0.15,95.43,129.14
427,2.03,64.40,39.34,5.05,0.21,111.04,116.48
428,2.29,69.30,39.40,4.48,0.19,115.67,139.26
429,2.28,67.12,41.83,5.04,0.21,116.49,131.26
430,1.79,65.26,39.21,4.56,0.21,111.03,114.85
431,2.09,68.86,40.60,5.11,0.18,116.85,138.76
432,2.10,65.26,34.56,6.10,0.26,108.28,120.26
433,2.51,67.06,40.48,3.77,0.17,113.99,142.23
434,1.48,56.86,36.55,4.93,0.19,100.00,114.15
435,1.77,57.89,36.37,3.69,0.14,99.85,121.17
436,1.45,61.83,39.49,5.94,0.14,108.84,135.11
437,2.03,59.31,35.56,3.97,0.17,101.03,110.70
438,2.09,65.46,34.82,4.79,0.19,107.34,119.30
439,2.23,68.18,39.50,4.96,0.20,115.07,140.56
440,2.41,65.85,39.36,5.23,0.20,113.04,161.84
441,4.07,62.35,37.60,4.56,0.16,108.75,115.53
442,2.53,67.77,41.91,4.98,0.18,117.37,134.07
443,1.99,63.37,40.77,3.88,0.17,110.19,120.24
444,1.49,68.13,49.95,4.20,0.18,123.95,159.06
445,1.48,67.72,35.71,5.97,0.17,111.04,140.41
446,1.48,66.01,44.64,4.64,0.17,116.94,132.55
447,2.54,65.54,40.08,4.41,0.19,112.76,119.10
448,1.87,64.49,38.24,5.96,0.22,110.78,137.25
449,2.46,73.71,48.39,4.49,0.20,129.25,137.85
450,1.71,62.05,40.01,3.80,0.19,107.76,120.65
451,1.58,59.13,38.27,4.85,0.19,104.02,129.92
452,3.31,76.89,34.63,4.32,0.19,119.34,155.56
453,2.13,66.89,37.67,5.11,0.20,111.99,170.22
454,2.31,64.98,39.26,4.27,0.17,110.99,125.73
455,1.96,67.78,36.52,4.99,0.17,111.41,143.66
456,2.89,58.22,38.69,4.27,0.20,104.27,154.84
457,2.23,67.05,38.87,5.83,0.21,114.19,171.89
458,2.53,63.12,37.20,4.30,0.14,107.29,123.35
459,1.37,60.86,34.61,3.59,0.16,100.59,128.16
460,2.01,59.07,35.18,3.74,0.16,100.16,133.21
461,1.69,60.25,43.66,4.14,0.17,109.90,114.32
462,2.22,60.83,32.74,5.52,0.18,101.49,121.98
463,2.42,60.57,28.37,4.60,0.14,96.10,124.87
464,2.62,59.01,30.44,5.15,0.13,97.37,127.58
465,2.03,67.31,24.08,3.57,0.14,97.13,130.90
466,2.14,57.79,33.19,5.27,0.16,98.55,134.78
467,2.43,62.64,33.90,4.93,0.20,104.10,146.74
468,2.05,61.53,39.11,3.95,0.17,106.81,160.56
469,2.37,59.50,39.05,4.70,0.18,105.80,135.41
470,2.39,55.96,38.77,3.75,0.17,101.03,111.11
471,1.33,61.88,37.49,3.83,0.16,104.70,123.69
472,1.48,56.68,41.14,5.47,0.21,104.99,134.58
473,2.19,62.49,38.76,4.78,0.16,108.39,146.39
474,1.70,68.90,36.52,3.69,0.14,110.96,164.67
475,1.36,66.74,39.06,3.57,0.14,110.88,116.51
476,1.45,59.25,33.43,4.66,0.14,98.93,120.79
477,1.40,58.36,39.76,4.05,0.19,103.76,162.62
478,2.39,66.38,32.32,3.66,0.19,104.94,139.17
479,2.01,64.40,34.67,4.87,0.21,106.15,150.47
480,2.24,63.80,36.47,3.72,0.17,106.40,130.80
481,2.32,68.37,39.86,5.04,0.21,115.80,119.53
482,1.43,67.86,37.89,5.00,0.20,112.39,138.60
483,2.06,66.68,34.25,5.73,0.22,108.94,155.17
484,2.89,65.03,40.72,5.56,0.21,114.40,176.63
485,2.20,64.51,39.73,5.19,0.17,111.80,128.40
486,1.36,65.60,34.91,6.03,0.21,108.11,111.36
487,1.52,66.52,38.30,5.53,0.16,112.04,129.77
488,1.65,66.78,40.62,5.89,0.21,115.15,158.12
489,3.75,66.32,34.58,5.16,0.22,110.03,175.78
490,2.33,64.87,40.61,5.56,0.16,113.52,128.98
491,1.78,65.55,38.62,5.87,0.22,112.05,115.91
492,2.17,68.67,32.94,4.89,0.19,108.85,129.18
493,1.87,60.79,34.76,4.17,0.18,101.77,139.78
494,2.24,66.49,42.77,4.82,0.20,116.53,130.00
495,1.59,65.08,37.02,5.66,0.20,109.55,115.80
496,2.33,65.89,34.38,5.50,0.20,108.31,127.42
497,1.88,66.67,38.88,5.95,0.16,113.55,118.34
498,2.56,68.41,38.89,6.14,0.21,116.21,140.60
499,2.51,65.44,38.23,6.40,0.25,112.84,161.69
500,2.42,59.62,34.65,5.30,0.15,102.13,171.57
501,1.82,66.24,36.51,6.11,0.21,110.89,119.55
502,2.57,66.10,37.12,6.44,0.13,112.36,140.14
503,1.35,66.45,40.40,4.02,0.16,112.38,126.03
504,1.50,63.21,39.21,3.91,0.17,108.00,136.68
505,1.80,71.80,42.96,5.39,0.21,122.14,132.21
506,1.74,66.71,36.65,3.86,0.15,109.11,115.54
507,2.06,59.43,35.97,4.44,0.23,102.13,123.27
508,2.25,66.33,39.97,4.27,0.17,112.99,139.90
509,2.18,60.00,36.96,5.30,0.20,104.64,120.65
510,2.14,59.16,55.99,4.95,0.19,122.43,148.42
511,1.76,68.58,44.80,3.45,0.14,118.73,175.34
512,1.73,58.68,38.89,3.79,0.17,103.27,115.75
513,1.69,60.04,35.63,4.41,0.14,101.90,123.17
514,1.71,60.34,39.23,4.98,0.15,106.41,134.66
515,2.35,47.71,35.91,4.74,0.13,90.84,97.53
516,2.39,56.97,38.17,6.44,0.21,104.19,107.38
517,1.60,61.42,34.64,4.61,0.18,102.44,153.76
518,2.12,60.41,33.50,5.26,0.22,101.51,126.07
519,2.24,56.10,45.45,3.88,0.17,107.83,142.09
520,1.49,60.27,43.44,3.83,0.17,109.20,124.98
521,1.33,52.87,48.58,3.79,0.13,106.70,137.60
522,1.55,60.60,40.03,5.78,0.18,108.13,150.92
523,2.34,62.97,33.73,5.81,0.18,105.03,163.33
524,2.03,59.45,32.11,4.08,0.15,97.81,131.63
525,1.75,65.36,34.76,3.68,0.17,105.72,111.30
526,1.98,69.02,38.01,4.01,0.20,113.23,162.51
527,1.87,64.92,39.04,5.21,0.20,111.24,149.32
528,1.61,67.68,36.10,3.82,0.17,109.38,130.43
529,1.48,69.62,39.75,3.77,0.17,114.79,121.24
530,1.55,61.89,38.24,5.01,0.15,106.84,133.46
531,1.78,64.54,34.60,3.76,0.17,104.86,108.81
532,1.63,56.47,35.67,4.35,0.16,98.27,112.70
533,2.04,73.03,35.32,3.57,0.13,114.10,132.23
534,1.34,73.80,27.21,3.66,0.13,106.14,111.34
535,1.69,63.97,42.58,3.72,0.16,112.12,128.63
536,2.12,63.98,40.03,6.01,0.21,112.36,141.96
537,2.45,66.14,33.84,4.70,0.21,107.34,125.52
538,2.26,61.53,36.84,4.64,0.17,105.43,138.27
539,2.17,64.96,37.86,4.31,0.20,109.50,119.08
540,2.10,65.90,34.71,6.76,0.18,109.65,170.76
541,1.35,59.46,35.04,4.68,0.13,100.66,109.07
542,2.00,57.56,36.66,5.27,0.16,101.66,116.42
543,2.23,62.03,38.16,4.98,0.17,107.57,130.14
544,2.11,64.10,36.54,4.57,0.15,107.47,142.79
545,2.38,59.47,36.45,4.55,0.15,103.00,151.82
546,1.33,59.92,36.68,3.43,0.13,101.49,122.86
547,1.26,63.03,38.95,6.03,0.21,109.49,136.86
548,2.36,60.64,39.04,5.88,0.20,108.12,120.67
549,2.27,63.92,30.29,5.23,0.17,101.88,129.81
550,1.63,57.88,37.60,5.89,0.19,103.19,138.80
551,2.13,62.97,38.63,5.13,0.17,109.03,154.22
552,2.24,67.76,39.81,5.53,0.19,115.53,171.66
553,2.27,66.21,40.38,5.84,0.17,114.87,130.79
554,1.98,61.67,35.42,6.17,0.23,105.46,143.98
555,2.51,61.40,50.57,3.73,0.17,118.38,170.43
556,1.36,65.40,37.72,5.87,0.21,110.56,119.06
557,2.30,67.77,31.18,5.69,0.20,107.15,165.72
558,2.32,61.90,34.42,4.48,0.19,103.31,110.34
559,1.79,58.98,37.23,4.77,0.20,102.97,119.10
560,1.87,59.20,33.79,4.54,0.13,99.52,124.67
561,3.58,52.84,36.37,4.30,0.15,97.24,127.86
562,2.03,56.49,36.04,5.50,0.17,100.23,134.01
563,1.82,60.74,28.46,3.83,0.13,94.99,135.24
564,1.94,57.57,33.31,4.11,0.14,97.08,138.27
565,3.36,71.25,42.11,3.39,0.13,120.25,163.82
566,2.32,62.93,39.80,3.96,0.17,109.18,178.34
567,1.58,67.96,33.70,5.66,0.20,109.09,125.59
568,2.42,58.78,31.62,6.03,0.19,99.04,131.24
569,2.41,64.08,40.76,6.22,0.22,113.69,151.77
570,2.43,69.66,37.66,4.53,0.17,114.45,174.27
571,2.09,71.11,24.26,3.53,0.14,101.13,115.51
572,2.05,54.12,34.41,3.84,0.15,94.56,113.24
573,1.94,60.86,34.12,3.44,0.16,100.52,153.45
574,1.80,61.90,32.90,5.44,0.19,102.24,128.93
575,2.41,57.96,34.60,4.30,0.14,99.41,134.59
576,1.36,49.03,46.53,4.03,0.13,101.08,138.91
577,2.27,63.32,36.13,5.20,0.16,107.08,151.36
578,2.41,60.14,49.92,6.07,0.21,118.75,176.97
579,2.36,62.16,38.66,5.53,0.19,108.90,130.45
580,3.69,56.97,58.00,5.84,0.20,124.70,157.80
581,2.46,63.44,50.33,3.88,0.14,120.25,187.34
582,1.45,65.65,45.81,5.92,0.20,119.04,147.76
583,2.52,66.58,49.75,4.65,0.18,123.69,179.54
584,2.39,66.91,49.05,5.61,0.19,124.14,142.02
585,2.57,59.95,50.75,7.74,0.23,121.24,133.75
586,2.43,62.85,55.25,3.44,0.16,124.13,132.75
587,2.06,64.90,48.13,4.80,0.26,120.15,124.61
588,2.30,59.37,48.88,3.84,0.16,114.56,149.97
589,2.21,64.21,49.58,4.57,0.18,120.75,178.22
590,1.41,72.70,44.39,3.66,0.19,122.34,137.20
591,1.68,64.17,49.23,5.87,0.21,121.16,133.99
592,2.41,69.09,44.83,4.80,0.19,121.32,131.32
593,2.32,62.54,41.82,4.06,0.18,110.91,148.97
594,2.28,69.55,43.79,3.20,0.13,118.95,138.30
595,1.36,61.94,45.18,3.18,0.13,111.80,156.11
596,1.34,62.20,53.11,3.52,0.16,120.33,181.84
597,2.15,67.14,51.15,3.17,0.15,123.78,145.37
598,1.58,63.26,50.58,3.60,0.18,119.20,169.79
599,2.13,63.21,49.50,5.53,0.23,120.60,129.02
600,2.38,59.03,54.33,3.35,0.14,119.23,123.96
601,2.04,64.75,51.56,4.62,0.20,123.17,151.94
602,2.25,66.99,48.06,3.54,0.16,121.00,143.58
603,2.11,69.37,47.15,3.53,0.13,122.29,140.17
604,1.96,80.48,34.17,3.48,0.19,120.28,134.24
605,1.61,72.56,38.48,3.74,0.16,116.55,120.26
606,1.68,63.64,50.94,4.12,0.14,120.51,147.09
607,1.27,65.34,39.23,5.33,0.18,111.34,130.98
608,2.49,61.56,49.00,5.64,0.21,118.89,158.63
609,2.53,69.40,43.19,3.71,0.17,119.00,181.23
610,2.19,65.97,47.08,3.65,0.17,119.06,143.46
611,1.73,73.49,42.94,3.82,0.19,122.17,172.49
612,2.08,65.58,46.24,3.46,0.20,117.56,129.25
613,3.05,65.32,49.54,4.16,0.13,122.20,158.16
614,1.71,62.84,40.20,4.90,0.19,109.85,174.73
615,1.99,60.11,35.48,3.22,0.13,100.92,114.74
616,2.00,62.88,43.03,5.11,0.18,113.20,165.05
617,3.31,70.20,49.35,5.49,0.20,128.54,140.16
618,2.52,67.27,48.12,5.05,0.17,123.14,139.05
619,2.11,72.19,41.29,4.79,0.19,120.57,129.28
620,2.14,70.72,46.61,3.46,0.16,123.08,129.15
621,2.08,73.57,43.81,3.54,0.16,123.16,158.32
622,1.45,73.01,42.04,3.44,0.18,120.11,153.06
623,1.46,66.89,46.32,3.17,0.13,117.98,171.67
624,1.37,68.30,44.64,4.20,0.18,118.69,133.94
625,1.34,71.10,43.63,4.10,0.18,120.35,124.01
626,3.22,69.87,46.67,4.86,0.20,124.81,153.87
627,2.47,69.88,44.65,3.69,0.16,120.87,151.30
628,1.82,61.35,52.07,3.71,0.16,119.12,140.46
629,1.93,60.12,48.39,4.43,0.31,115.17,129.66
630,1.84,68.14,49.56,3.90,0.20,123.64,159.58
631,2.24,72.09,47.92,4.82,0.19,127.25,192.58
632,1.94,62.69,51.49,5.66,0.20,121.99,153.79
633,2.36,71.01,48.14,5.39,0.20,127.11,152.40
634,2.32,67.75,50.60,5.42,0.18,126.28,153.11
635,1.93,64.55,38.09,6.31,0.22,111.11,139.08
636,2.49,51.73,48.03,5.64,0.17,108.06,118.39
637,2.48,60.23,51.68,3.58,0.16,118.12,144.57
638,1.44,65.42,48.88,3.82,0.17,119.73,171.05
639,1.99,65.86,49.77,4.41,0.16,122.19,131.93
640,2.54,56.37,40.00,3.44,0.14,102.48,107.80
641,2.02,63.59,38.05,3.36,0.13,107.16,120.47
642,2.02,52.45,51.56,5.98,0.20,112.20,137.22
643,2.32,64.38,52.41,6.52,0.21,125.84,134.43
644,2.47,62.16,47.12,3.73,0.19,115.67,125.79
645,2.19,62.10,53.48,3.59,0.19,121.54,153.37
646,1.60,64.03,51.37,3.71,0.17,120.88,145.04
647,1.77,67.56,42.53,3.94,0.17,115.97,167.48
648,2.13,70.04,44.14,5.89,0.20,122.40,128.91
649,2.20,62.13,53.20,3.92,0.18,121.62,126.32
650,2.05,84.36,41.46,4.07,0.18,132.12,165.57
651,2.02,61.74,45.92,3.53,0.16,113.37,116.85
652,1.53,70.77,32.22,3.88,0.16,108.56,130.80
653,2.16,56.31,51.16,3.68,0.17,113.48,118.00
654,2.04,61.83,49.60,4.15,0.13,117.76,175.44
655,2.10,62.56,35.04,3.76,0.16,103.61,116.23
656,2.15,69.41,36.78,3.86,0.17,112.38,134.56
657,2.20,65.81,50.22,4.48,0.17,122.89,137.07
658,2.49,65.86,48.91,5.78,0.21,123.23,130.68
659,2.21,62.58,49.71,4.67,0.18,119.34,125.82
660,2.35,63.18,49.22,5.51,0.18,120.44,152.39
661,2.43,62.02,51.04,4.64,0.21,120.35,178.64
662,1.48,66.25,45.65,4.43,0.18,117.99,136.57
663,2.29,63.43,48.10,5.89,0.20,119.91,127.07
664,2.47,81.78,37.57,3.40,0.13,125.35,158.76
665,2.07,61.88,48.15,3.71,0.16,115.97,150.49
666,2.26,71.30,44.44,6.00,0.21,124.20,145.15
667,2.37,67.67,47.18,3.72,0.17,121.11,141.33
668,2.73,69.72,41.31,5.93,0.18,119.87,135.66
669,1.63,63.49,41.37,3.81,0.17,110.47,116.38
670,1.33,61.00,48.16,3.95,0.20,114.64,137.40
671,1.64,67.91,40.18,4.24,0.15,114.13,126.39
672,2.00,65.27,46.49,5.68,0.17,119.62,151.11
673,2.08,55.00,44.22,3.34,0.13,104.77,126.45
674,2.03,61.32,50.67,3.44,0.13,117.59,149.12
675,2.10,65.81,47.57,4.32,0.14,119.94,143.73
676,2.18,58.87,45.49,5.57,0.17,112.29,161.78
677,2.37,59.94,47.02,5.47,0.16,114.97,180.03
678,2.43,64.73,48.49,4.83,0.18,120.67,144.23
679,2.03,63.83,47.77,3.81,0.17,117.61,169.58
680,1.45,64.90,42.02,3.47,0.13,111.97,120.70
681,1.73,63.41,45.68,4.15,0.17,115.13,142.69
682,1.86,62.95,45.83,3.39,0.14,114.16,126.50
683,2.17,69.35,46.69,5.45,0.17,123.84,155.64
684,2.42,60.99,46.83,3.29,0.13,113.67,176.54
685,1.95,60.17,52.18,3.70,0.17,118.17,132.18
686,1.58,68.16,46.22,4.60,0.18,120.73,127.08
687,2.32,64.81,49.09,5.40,0.24,121.87,157.35
688,2.49,59.91,47.66,4.05,0.17,114.29,142.17
689,1.82,64.01,47.97,6.39,0.21,120.41,136.77
690,1.45,61.75,46.62,5.52,0.26,115.60,126.86
691,2.00,66.88,48.68,4.17,0.19,121.91,154.70
692,1.49,62.11,49.50,3.23,0.13,116.46,144.01
693,1.78,61.08,44.99,3.37,0.14,111.36,163.15
694,2.26,59.76,48.36,3.46,0.13,113.98,150.37
695,1.71,62.59,48.22,4.28,0.23,117.03,173.20
696,2.51,61.99,34.14,3.91,0.17,102.73,115.96
697,2.28,53.86,52.75,3.34,0.13,112.36,135.32
698,2.10,61.59,50.30,3.66,0.18,117.84,122.17
699,2.22,62.44,51.36,3.93,0.18,120.13,148.18
700,2.15,59.67,52.31,4.24,0.20,118.57,140.91
701,2.17,65.44,51.55,4.55,0.16,123.87,134.75
702,2.48,64.19,50.37,4.01,0.16,121.21,131.19
703,1.96,61.44,52.03,6.22,0.44,122.09,159.92
704,2.51,60.88,37.91,3.97,0.17,105.45,136.89
705,2.17,66.19,43.96,3.47,0.13,115.92,125.99
706,2.04,64.06,49.25,5.38,0.17,120.90,151.23
707,2.41,69.98,38.32,3.75,0.17,114.63,137.37
708,2.17,58.70,55.01,4.43,0.23,120.54,132.19
709,2.11,64.72,54.65,3.46,0.14,125.08,132.22
710,1.96,63.40,46.58,3.35,0.13,115.42,118.00
711,1.50,73.02,41.28,3.56,0.16,119.53,142.17
712,2.20,69.21,36.18,3.25,0.13,110.96,128.07
713,2.04,60.47,45.15,3.35,0.13,111.13,144.71
714,2.09,61.89,50.11,5.78,0.19,120.07,134.57
715,1.91,60.54,46.68,3.80,0.18,113.10,121.96
716,1.99,60.62,48.76,3.32,0.13,114.83,144.47
717,1.46,60.15,41.65,4.25,0.18,107.69,121.54
718,2.32,72.49,32.21,3.96,0.18,111.16,138.35
719,2.08,56.61,51.26,3.70,0.17,113.82,158.99
720,2.12,69.00,38.39,5.84,0.21,115.57,180.88
721,2.35,53.03,54.33,7.30,0.21,117.21,138.12
722,2.44,67.05,44.74,5.75,0.20,120.18,132.98
723,2.09,63.77,47.44,3.63,0.17,117.10,121.61
724,2.36,71.28,36.84,3.60,0.16,114.24,142.73
725,1.79,56.74,48.74,3.27,0.13,110.67,127.11
726,1.71,68.51,49.88,3.75,0.17,124.03,155.68
727,2.54,63.48,37.95,3.93,0.17,108.06,134.36
728,1.59,65.02,44.40,4.94,0.23,116.17,125.20
729,1.49,63.98,37.48,5.38,0.17,108.51,140.25
730,2.33,58.35,47.24,5.45,0.18,113.55,160.82
731,3.23,67.88,45.07,3.62,0.16,119.96,151.44
732,2.16,64.96,50.99,3.85,0.18,122.15,148.58
733,2.08,66.57,51.39,3.56,0.18,123.78,141.84
734,2.20,61.78,49.07,4.98,0.17,118.19,134.27
735,1.55,60.52,50.94,4.27,0.16,117.44,126.48
736,2.17,61.42,48.55,4.57,0.14,116.84,147.04
737,1.95,60.49,47.90,4.33,0.18,114.86,134.49
738,2.84,67.46,39.37,3.39,0.14,113.20,122.32
739,2.07,65.29,52.90,3.72,0.17,124.14,152.89
740,2.19,63.84,53.10,3.53,0.16,122.83,145.85
741,2.17,64.78,54.03,4.57,0.19,125.74,145.93
742,2.46,63.19,49.88,3.55,0.21,119.28,137.02
743,1.42,65.33,47.91,5.24,0.20,120.10,131.26
744,2.27,61.75,52.08,4.13,0.13,120.36,157.22
745,1.73,65.96,47.79,5.71,0.21,121.40,184.68
746,1.53,66.18,53.20,4.05,0.16,125.12,148.75
747,1.98,63.38,51.69,5.69,0.20,122.95,142.10
748,2.49,67.55,44.57,4.15,0.14,118.91,136.97
749,2.06,68.10,43.46,5.90,0.20,119.71,129.16
750,2.51,67.83,51.79,3.32,0.13,125.57,157.90
751,2.03,58.66,48.61,3.58,0.17,113.04,145.53
752,2.16,69.76,46.33,3.61,0.16,122.01,142.77
753,2.25,65.27,44.73,3.56,0.17,115.97,166.79
754,2.10,68.65,47.53,5.28,0.20,123.76,129.33
755,2.54,63.48,48.32,3.48,0.16,117.98,155.86
756,1.93,73.20,47.73,4.45,0.18,127.50,190.74
757,2.54,62.15,53.20,4.22,0.21,122.32,152.88
758,1.84,65.71,49.34,3.47,0.16,120.53,180.88
759,1.43,62.19,47.34,5.72,0.18,116.85,136.52
760,2.44,61.58,50.25,5.83,0.20,120.31,163.57
761,2.77,66.65,46.95,3.61,0.14,120.11,155.55
762,2.17,69.47,47.67,3.62,0.16,123.09,152.27
763,2.15,75.55,48.81,3.64,0.16,130.31,156.69
764,2.17,72.62,43.99,5.79,0.21,124.78,151.59
765,2.53,78.04,50.17,3.39,0.16,134.30,162.08
766,2.59,72.02,47.39,3.96,0.17,126.12,159.85
767,1.77,69.90,44.72,3.72,0.16,120.27,154.87
768,2.36,66.15,46.16,4.55,0.19,119.40,180.66
769,2.10,67.28,46.40,5.14,0.23,121.15,141.00
770,1.99,68.07,49.73,3.76,0.18,123.73,138.76
771,1.44,70.99,48.46,5.80,0.21,126.90,168.28
772,2.20,73.40,43.91,3.62,0.17,123.29,134.14
773,2.18,66.92,51.66,3.61,0.17,124.55,129.31
774,1.92,64.81,35.78,4.43,0.21,107.15,110.34
775,2.34,66.01,47.18,3.73,0.13,119.39,135.32
776,1.97,66.82,45.11,3.67,0.17,117.73,122.78
777,2.11,65.55,46.91,3.61,0.18,118.36,148.33
778,2.08,69.55,46.99,4.05,0.19,122.85,154.28
779,2.14,67.96,53.38,3.61,0.16,127.25,152.79
780,2.19,73.15,49.03,4.72,0.17,129.25,155.94
781,1.70,63.89,53.80,3.74,0.16,123.29,153.98
782,1.37,65.21,51.84,4.22,0.17,122.81,145.83
783,1.50,61.43,51.03,5.59,0.18,119.72,172.96
784,1.49,70.04,44.81,4.38,0.14,120.85,132.75
785,1.42,58.81,45.55,4.01,0.14,109.92,149.69
786,2.36,63.11,44.97,3.94,0.14,114.51,170.52
787,2.41,61.20,44.34,4.17,0.18,112.30,120.61
788,2.37,68.16,43.38,3.65,0.17,117.73,144.16
789,2.17,71.26,35.00,3.76,0.17,112.35,130.68
790,2.55,59.18,49.43,3.63,0.16,114.96,151.77
791,2.27,76.27,34.56,3.84,0.17,117.11,176.01
792,2.17,62.95,49.79,4.48,0.19,119.57,134.12
793,2.55,69.25,46.86,3.22,0.13,122.02,126.37
794,2.08,61.24,39.03,4.07,0.18,106.60,138.62
795,2.32,67.41,43.31,5.56,0.17,118.77,131.43
796,2.38,68.57,40.51,5.58,0.22,117.26,153.51
797,2.47,59.97,53.89,5.78,0.20,122.32,147.70
798,2.53,66.59,48.39,4.28,0.18,121.98,145.40
799,2.03,69.39,39.33,4.12,0.18,115.06,134.99
800,2.41,56.48,52.03,5.13,0.20,116.24,123.11
801,5.41,71.67,33.77,3.54,0.18,114.57,143.53
802,2.23,62.04,52.39,6.58,0.20,123.43,173.50
803,2.47,72.88,47.22,4.67,0.16,127.40,140.86
804,2.46,66.76,49.84,4.99,0.19,124.24,139.98
805,1.97,55.95,50.77,3.59,0.16,112.44,123.17
806,2.07,72.62,37.32,3.91,0.16,116.08,145.32
807,1.43,61.18,53.88,4.67,0.18,121.34,140.54
808,1.70,64.46,52.78,4.84,0.19,123.97,171.88
809,2.49,64.64,53.99,5.78,0.21,127.10,138.16
810,2.51,61.74,47.75,4.39,0.16,116.55,127.51
811,2.43,64.37,46.09,5.78,0.21,118.87,155.71
812,2.57,58.77,54.90,5.76,0.20,122.20,153.61
813,2.28,67.93,46.06,3.63,0.17,120.06,147.68
814,1.43,67.24,49.75,5.36,0.17,123.96,141.47
815,2.44,59.89,50.38,3.26,0.13,116.09,131.91
816,2.08,64.25,48.89,3.68,0.13,119.03,156.83
817,2.42,63.01,53.02,3.54,0.16,122.16,185.83
818,2.19,70.35,47.77,5.22,0.18,125.72,158.36
819,2.44,65.46,50.67,4.83,0.18,123.59,153.41
820,1.72,67.03,51.26,3.73,0.17,123.92,183.60
821,2.83,73.63,52.93,3.85,0.17,133.41,153.49
822,3.43,62.41,48.71,3.71,0.16,118.42,150.02
823,2.48,69.01,52.64,3.22,0.13,127.47,152.57
824,2.05,61.07,47.56,4.97,0.17,115.83,138.68
825,2.40,59.90,49.59,4.17,0.16,116.21,129.86
826,1.51,67.70,51.40,3.55,0.16,124.33,162.08
827,1.47,66.44,46.28,3.51,0.16,117.86,151.73
828,1.66,63.33,44.07,5.93,0.15,115.14,141.93
829,1.45,61.98,45.01,3.38,0.14,111.97,123.26
830,1.65,67.31,47.84,3.52,0.17,120.48,150.09
831,1.45,69.89,46.63,3.94,0.16,122.07,146.20
832,2.06,67.41,48.64,4.40,0.18,122.69,140.16
833,2.10,65.52,49.50,4.60,0.16,121.88,169.97
834,2.36,56.74,52.16,3.56,0.17,114.98,126.55
835,1.60,60.00,51.02,3.39,0.17,116.18,146.06
836,1.77,67.40,50.31,3.91,0.27,123.66,145.20
837,1.68,59.13,49.78,3.61,0.16,114.37,134.54
838,1.36,70.31,45.29,3.94,0.18,121.08,163.11
839,1.40,67.30,47.87,3.71,0.18,120.46,154.58
840,2.16,71.98,46.38,3.49,0.16,124.17,153.80
841,1.48,72.50,47.58,3.48,0.16,125.20,149.42
842,1.41,65.31,46.45,3.73,0.17,117.07,172.78
843,1.43,68.97,48.57,3.77,0.17,122.92,134.24
844,1.50,75.89,42.39,5.18,0.19,125.14,133.81
845,1.55,70.15,47.74,3.48,0.17,123.10,131.69
846,2.02,68.76,41.80,3.84,0.18,116.60,119.49
847,1.33,63.50,44.00,3.26,0.18,112.27,137.66
848,2.43,60.12,44.57,3.28,0.14,110.53,123.25
849,2.02,69.77,51.37,3.98,0.16,127.30,154.39
850,1.82,66.03,46.99,4.14,0.18,119.16,143.86
851,1.47,68.29,43.90,3.11,0.13,116.91,134.98
852,1.49,64.94,42.38,3.12,0.13,112.07,115.92
853,1.36,65.83,42.26,4.26,0.18,113.89,135.06
854,2.02,52.25,40.83,3.24,0.18,98.52,111.74
855,2.33,59.68,44.45,4.95,0.16,111.56,128.90
856,2.27,68.19,46.39,3.56,0.16,120.57,130.32
857,2.13,68.17,49.06,4.27,0.18,123.81,129.78
858,2.14,69.30,48.62,3.40,0.18,123.64,128.36
859,2.51,63.37,50.49,3.53,0.17,120.05,153.92
860,1.52,76.75,44.05,3.49,0.17,125.97,151.39
861,1.51,67.09,50.46,3.64,0.17,122.87,149.41
862,1.95,62.58,34.74,3.91,0.13,103.30,121.77
863,2.34,55.23,48.13,3.16,0.14,109.01,136.59
864,2.04,60.96,55.29,3.53,0.17,121.99,132.19
865,2.47,69.00,40.15,3.38,0.19,115.20,121.15
866,2.13,65.74,49.23,3.62,0.16,120.90,147.42
867,1.96,64.24,49.74,5.82,0.21,121.97,144.91
868,2.48,70.62,40.42,4.74,0.20,118.45,134.96
869,2.50,57.03,50.91,5.59,0.21,116.23,157.85
870,1.87,68.46,48.24,3.74,0.17,122.47,186.01
871,1.50,60.90,65.43,3.55,0.17,131.54,157.49
872,2.41,77.54,54.67,4.01,0.17,138.80,170.78
873,1.54,93.83,39.61,5.23,0.20,140.41,186.37
874,2.54,61.69,47.19,3.66,0.14,115.21,140.19
875,2.17,64.90,49.72,3.70,0.16,120.65,167.31
876,2.15,63.32,48.15,3.52,0.14,117.28,124.55
877,2.01,69.94,45.72,3.71,0.14,121.52,151.91
878,1.25,60.59,54.47,3.76,0.17,120.23,176.51
879,1.69,69.14,50.93,4.02,0.17,125.94,142.82
880,1.73,63.98,50.61,4.72,0.17,121.21,139.54
881,2.21,68.66,50.08,4.37,0.19,125.52,167.52
882,2.53,67.13,51.11,6.41,0.16,127.34,138.26
883,1.98,67.73,48.22,4.16,0.16,122.25,130.93
884,1.55,71.98,49.20,4.00,0.17,126.90,133.25
885,1.62,68.21,47.76,3.81,0.17,121.56,125.63
886,2.30,60.67,47.69,3.83,0.17,114.65,147.23
887,2.60,62.80,50.35,5.13,0.19,121.07,175.52
888,2.59,63.28,48.75,7.21,0.21,122.04,137.32
889,2.52,66.97,52.13,4.73,0.17,126.52,172.62
890,1.73,73.72,53.38,3.69,0.20,132.73,149.80
891,1.90,66.02,47.25,3.87,0.17,119.21,147.86
892,1.82,70.56,49.21,3.66,0.16,125.41,147.36
893,1.31,62.86,50.79,3.77,0.16,118.89,136.52
894,1.45,65.54,56.76,3.97,0.17,127.89,171.32
895,1.69,69.86,54.55,3.95,0.16,130.22,140.75
896,1.54,67.04,52.00,5.05,0.19,125.82,174.09
897,2.20,67.69,52.62,5.78,0.20,128.49,145.84
898,2.50,63.60,51.47,4.42,0.18,122.17,139.56
899,2.14,65.59,54.19,3.91,0.17,126.00,140.28
900,1.49,69.41,51.84,3.85,0.16,126.76,174.43
901,1.68,68.13,50.75,4.47,0.18,125.20,138.16
902,1.84,63.24,53.47,3.87,0.57,123.00,130.59
903,2.77,68.92,50.07,4.12,0.13,126.00,132.63
904,1.39,68.58,44.81,5.25,0.20,120.22,126.83
905,1.44,67.54,51.27,4.25,0.19,124.68,153.06
906,4.01,68.77,50.09,4.93,0.17,127.97,156.19
907,1.56,68.45,49.70,4.19,0.17,124.07,154.81
908,1.95,67.90,47.65,3.72,0.16,121.39,147.79
909,1.75,65.39,50.25,4.61,0.17,122.17,144.00
910,2.24,64.03,53.50,4.74,0.17,124.68,139.57
911,1.92,65.30,46.29,3.83,0.16,117.49,130.46
912,2.96,61.82,43.65,5.54,0.17,114.14,151.30
913,2.26,60.98,48.99,4.36,0.15,116.74,138.26
914,2.05,67.35,47.75,4.33,0.17,121.66,134.45
915,3.01,62.19,52.29,4.36,0.17,122.01,127.59
916,1.71,65.68,49.46,4.73,0.16,121.73,158.00
917,2.25,61.89,50.85,4.40,0.13,119.52,153.57
918,2.14,68.57,50.37,4.51,0.18,125.77,153.18
919,2.66,62.82,54.62,5.20,0.21,125.50,148.87
920,2.22,64.26,53.40,3.70,0.16,123.74,147.81
921,2.12,65.25,51.66,5.95,0.21,125.18,144.48
922,2.44,61.29,48.93,4.59,0.21,117.47,137.05
923,1.76,71.26,48.02,3.94,0.20,125.19,132.17
924,2.63,63.28,50.65,3.75,0.17,120.48,128.16
925,1.53,59.30,51.26,5.61,0.16,117.86,122.76
926,1.75,61.57,51.22,4.96,0.24,119.73,145.10
927,1.61,62.58,51.27,3.70,0.16,119.33,140.40
928,1.63,67.00,50.02,4.54,0.17,123.34,138.19
929,1.57,65.46,51.95,4.13,0.15,123.25,167.04
930,1.26,69.55,47.35,3.36,0.13,121.66,126.00
931,1.38,76.14,75.46,3.81,0.17,156.96,189.57
932,1.72,86.88,62.16,4.65,0.16,155.57,184.58
933,2.30,67.25,48.73,6.04,0.20,124.52,148.89
934,2.44,59.78,47.01,4.72,0.21,114.17,169.77
935,1.54,59.79,54.44,5.71,0.18,121.65,131.15
936,2.05,64.07,49.17,3.86,0.17,119.31,123.15
937,1.48,66.54,46.45,3.70,0.20,118.38,149.11
938,1.37,63.84,48.40,3.78,0.16,117.55,172.74
939,1.49,59.34,44.83,5.03,0.17,110.85,120.81
940,1.97,65.29,54.55,4.62,0.16,126.59,152.79
941,2.08,62.24,47.91,4.10,0.17,116.50,141.00
942,2.21,63.56,44.37,4.98,0.17,115.29,165.68
943,2.29,64.56,48.89,3.44,0.14,119.32,124.06
944,1.53,74.13,50.66,3.92,0.17,130.42,159.21
945,2.39,71.22,57.17,3.87,0.20,134.85,169.11
946,1.48,70.33,57.99,4.75,0.23,134.78,142.52
947,1.58,72.64,51.33,4.51,0.16,130.23,180.01
948,1.66,71.98,56.07,3.62,0.16,133.48,153.40
949,2.17,70.45,54.42,4.71,0.16,131.92,161.53
950,1.88,77.57,41.71,3.61,0.17,124.94,155.91
951,1.45,62.70,46.62,3.53,0.14,114.43,144.74
952,3.10,64.86,51.59,3.88,0.13,123.55,139.92
953,1.34,65.76,51.61,4.11,0.17,123.00,169.99
954,1.83,65.61,54.15,4.31,0.17,126.07,135.49
955,1.72,65.93,51.57,4.58,0.19,123.98,130.28
956,1.47,66.42,51.06,4.38,0.20,123.52,131.01
957,2.81,64.98,53.10,5.98,0.20,127.08,162.78
958,3.49,70.98,52.40,4.18,0.21,131.26,165.15
959,1.82,73.45,44.52,3.78,0.16,123.73,132.89
960,2.24,68.48,50.25,3.85,0.17,124.98,129.53
961,1.52,82.14,58.25,4.34,0.17,146.41,183.00
962,1.46,91.61,51.37,4.93,0.16,149.53,171.06
963,1.49,77.93,56.11,4.30,0.16,139.99,150.23
964,1.45,70.57,62.42,3.66,0.17,138.26,162.98
965,1.42,77.76,54.30,4.41,0.30,138.19,175.95
966,1.85,73.55,57.48,3.73,0.17,136.78,183.53
967,1.43,74.14,58.79,4.11,0.17,138.63,161.60
968,2.25,70.71,50.86,4.48,0.18,128.48,167.37
969,2.87,65.44,53.59,5.07,0.17,127.13,134.13
970,2.20,59.56,45.69,3.33,0.17,110.95,121.05
971,1.93,61.70,44.41,4.67,0.14,112.85,138.40
972,2.25,61.85,52.63,4.86,0.16,121.76,130.25
973,1.72,62.53,50.54,4.14,0.20,119.14,156.91
974,2.15,73.30,37.54,4.69,0.17,117.85,149.99
975,1.60,63.56,51.63,4.59,0.19,121.55,179.03
976,2.72,74.82,42.47,4.68,0.17,124.86,142.19
977,1.68,74.42,46.12,3.38,0.13,125.73,137.68
978,1.83,62.70,53.94,3.59,0.17,122.23,134.02
979,2.20,64.29,49.50,5.16,0.19,121.34,129.11
980,2.94,60.50,47.51,3.67,0.17,114.79,147.03
981,2.36,55.16,44.70,4.79,0.14,107.15,128.49
982,2.07,66.28,49.44,4.51,0.17,122.47,126.09
983,3.42,62.57,56.48,3.80,0.14,126.42,159.44
984,1.63,64.06,46.08,4.34,0.16,116.28,145.23
985,2.11,60.67,48.02,9.73,0.21,120.73,171.77
986,2.48,62.63,52.94,5.69,0.16,123.90,135.07
987,1.56,63.41,48.42,5.29,0.20,118.88,128.57
988,2.54,64.25,51.31,4.31,0.18,122.58,159.81
989,2.45,65.68,52.65,5.83,0.21,126.83,157.67
990,2.29,66.55,51.68,3.45,0.16,124.12,157.34
991,1.40,67.26,54.70,5.20,0.18,128.75,156.76
992,3.28,70.18,49.21,5.94,0.17,128.78,191.48
993,2.41,65.02,52.53,4.21,0.19,124.36,159.37
994,2.42,69.59,48.07,3.64,0.16,123.89,154.06
995,2.16,82.27,40.14,3.63,0.17,128.37,156.08
996,2.18,73.87,42.98,3.68,0.17,122.88,150.90
997,2.16,57.96,59.38,3.71,0.17,123.38,148.25
998,2.16,72.76,58.99,3.65,0.21,137.76,156.98
999,1.46,72.82,41.05,5.40,0.20,120.93,153.65
1000,1.73,60.49,49.78,4.82,0.16,116.99,144.89
1001,1.92,65.02,51.07,3.61,0.16,121.77,169.65
1002,2.16,77.95,34.14,4.41,0.18,118.85,132.20
1003,1.92,62.52,47.48,4.26,0.13,116.31,155.52
1004,2.21,65.29,46.16,5.81,0.20,119.67,145.40
1005,2.54,57.31,50.74,3.95,0.13,114.67,135.56
1006,1.67,66.08,50.16,3.64,0.16,121.72,126.50
1007,1.71,62.24,47.58,3.66,0.17,115.37,149.28
1008,1.73,63.10,48.25,3.62,0.16,116.86,140.59
1009,2.20,66.29,46.05,4.59,0.20,119.32,166.41
1010,2.41,65.40,51.91,5.40,0.20,125.32,130.57
1011,2.41,67.27,47.45,3.55,0.13,120.81,126.94
1012,2.30,66.66,54.85,3.86,0.16,127.83,157.75
1013,2.25,69.34,49.52,4.09,0.18,125.39,159.72
1014,2.32,68.75,50.84,3.58,0.20,125.69,160.28
1015,2.14,62.14,47.16,3.99,0.15,115.57,183.74
1016,1.63,64.75,55.25,3.23,0.13,125.00,146.94
1017,1.34,60.73,46.13,3.26,0.13,111.60,164.17
1018,2.19,61.47,47.99,4.07,0.13,115.85,151.28
1019,2.05,52.97,55.42,5.99,0.15,116.58,174.90
1020,2.13,64.21,49.44,3.56,0.17,119.51,132.51
1021,2.21,70.71,47.80,3.67,0.16,124.56,131.44
1022,1.47,63.46,50.17,3.32,0.13,118.55,155.45
1023,1.57,65.21,44.05,4.89,0.18,115.90,140.72
1024,2.20,66.97,47.50,4.86,0.15,121.69,137.32
1025,2.26,62.67,48.02,4.02,0.16,117.13,129.74
1026,2.24,59.31,55.04,3.55,0.15,120.28,153.39
1027,2.30,66.32,51.92,3.59,0.16,124.28,154.52
1028,2.17,71.63,49.64,5.68,0.20,129.31,159.06
1029,3.57,68.82,53.96,5.93,0.21,132.48,161.57
1030,1.90,63.73,46.78,3.61,0.16,116.18,154.89
1031,2.11,66.00,56.62,3.60,0.16,128.48,154.44
1032,2.88,69.55,49.33,5.82,0.20,127.77,157.23
1033,2.49,67.48,50.58,5.10,0.16,125.82,154.56
1034,2.43,62.72,51.90,5.51,0.20,122.76,150.96
1035,2.52,64.44,55.91,5.79,0.20,128.86,156.14
1036,2.52,67.91,50.84,5.84,0.20,127.32,154.46
1037,2.98,68.15,51.82,4.86,0.16,127.97,157.84
1038,1.61,76.53,45.03,3.72,0.15,127.05,154.27
1039,1.50,70.32,45.63,5.92,0.21,123.57,183.62
1040,2.53,71.27,47.15,5.93,0.20,127.09,150.70
1041,2.48,69.39,49.47,5.91,0.20,127.45,153.89
1042,2.49,76.12,38.87,4.10,0.17,121.75,150.44
1043,1.70,80.93,55.69,3.44,0.16,141.93,164.92
1044,1.53,63.61,46.67,3.72,0.16,115.68,157.41
1045,1.82,73.57,36.38,3.60,0.19,115.55,143.55
1046,1.90,60.53,50.75,5.64,0.18,118.99,136.65
1047,2.25,65.27,50.66,3.66,0.13,121.98,128.68
1048,1.34,66.06,48.22,4.00,0.18,119.80,153.96
1049,2.02,61.18,51.78,5.13,0.24,120.35,148.35
1050,2.33,63.95,54.10,4.80,0.18,125.36,143.82
1051,1.85,63.32,49.84,4.48,0.16,119.64,137.90
1052,2.06,69.57,52.67,3.84,0.16,128.30,140.35
1053,1.47,70.52,53.26,4.20,0.16,129.62,139.86
1054,2.15,68.56,49.72,4.63,0.16,125.21,140.34
1055,2.44,63.66,53.12,4.34,0.17,123.72,135.01
1056,2.07,63.97,50.56,5.80,0.20,122.60,131.32
1057,2.64,63.41,49.37,4.44,0.20,120.08,157.53
1058,1.90,65.45,51.03,5.00,0.20,123.58,153.08
1059,2.10,61.31,51.94,3.74,0.16,119.25,147.47
1060,2.05,68.94,50.18,3.48,0.16,124.81,144.62
1061,1.42,69.02,53.14,4.01,0.20,127.80,146.26
1062,1.48,67.79,47.41,3.85,0.18,120.71,143.95
1063,1.88,63.35,53.36,5.90,0.20,124.70,176.08
1064,2.47,64.00,49.40,5.85,0.20,121.92,169.43
1065,2.47,60.53,49.56,5.41,0.17,118.14,127.76
1066,2.36,64.52,46.10,3.26,0.13,116.37,150.35
1067,2.11,62.40,55.14,5.38,0.21,125.24,149.52
1068,2.10,67.01,49.02,3.46,0.16,121.75,142.18
1069,1.57,64.12,56.72,4.74,0.17,127.32,144.60
1070,2.82,72.83,46.94,4.52,0.14,127.24,150.27
1071,1.41,64.18,47.66,4.60,0.15,118.01,137.94
1072,2.18,63.08,50.61,4.30,0.16,120.33,163.12
1073,2.10,73.07,42.83,3.74,0.15,121.88,125.85
1074,3.25,65.28,44.04,4.50,0.17,117.24,148.22
1075,2.01,59.23,52.50,3.59,0.16,117.50,141.08
1076,1.56,63.68,52.31,3.67,0.17,121.38,132.89
1077,2.03,65.10,48.55,3.70,0.15,119.53,126.43
1078,1.54,55.89,47.39,3.38,0.13,108.32,141.58
1079,1.41,61.17,51.41,5.37,0.14,119.50,133.03
1080,1.79,60.94,49.35,3.36,0.13,115.57,121.37
1081,1.56,64.37,50.50,5.59,0.17,122.20,151.10
1082,2.41,62.60,47.78,5.45,0.16,118.40,140.07
1083,1.54,60.29,56.57,3.67,0.16,122.23,136.10
1084,1.49,64.99,52.55,3.81,0.16,123.00,134.16
1085,2.01,64.25,52.14,3.70,0.16,122.27,128.83
1086,2.40,62.79,46.95,4.68,0.19,117.02,122.22
1087,2.50,68.26,49.88,5.63,0.19,126.46,153.93
1088,2.46,67.55,50.65,5.07,0.19,125.91,151.17
1089,2.38,66.62,49.53,4.48,0.17,123.17,149.21
1090,2.15,61.88,50.54,4.50,0.17,119.25,138.49
1091,2.21,71.28,63.26,3.66,0.16,140.56,186.91
1092,1.48,70.38,48.90,5.80,0.21,126.76,152.20
1093,1.87,66.31,47.47,5.28,0.20,121.14,149.91
1094,1.81,71.90,62.55,3.64,0.16,140.06,164.48
1095,1.69,91.63,61.31,3.69,0.20,158.52,163.29
1096,1.58,77.95,58.91,4.04,0.18,142.66,146.37
1097,1.38,74.70,59.49,3.70,0.16,139.42,162.09
1098,2.15,84.30,58.62,3.85,0.15,149.07,216.99
1099,1.47,81.66,52.23,5.47,0.19,141.02,162.31
1100,2.46,63.66,46.26,5.63,0.20,118.20,123.46
1101,2.50,68.36,52.36,4.53,0.18,127.92,158.61
1102,4.24,63.76,48.20,5.79,0.23,122.22,153.03
1103,2.07,63.04,55.86,5.90,0.20,127.05,155.57
1104,2.10,64.78,51.58,3.56,0.16,122.19,148.67
1105,2.05,69.37,47.00,4.39,0.17,122.98,146.54
1106,2.19,61.39,48.50,3.61,0.17,115.85,169.15
1107,1.61,66.35,50.33,3.59,0.16,122.04,130.09
1108,1.40,62.56,50.49,4.30,0.20,118.94,155.18
1109,2.55,61.49,51.18,5.73,0.20,121.15,148.14
1110,2.55,68.84,49.31,3.62,0.16,124.48,146.42
1111,1.51,68.91,49.61,4.41,0.16,124.60,146.59
1112,1.64,63.54,51.07,5.80,0.20,122.25,139.70
1113,2.37,58.88,52.30,3.56,0.16,117.27,132.58
1114,1.56,78.15,37.63,3.51,0.16,121.00,159.26
1115,2.18,69.56,52.62,3.91,0.16,128.43,195.57
1116,1.63,67.67,49.18,5.53,0.16,124.17,158.36
1117,2.32,56.68,51.73,5.28,0.17,116.18,145.95
1118,2.17,67.30,50.64,4.47,0.18,124.76,146.32
1119,1.45,68.66,50.93,4.30,0.17,125.51,143.13
1120,2.26,63.50,50.20,5.11,0.18,121.25,171.42
1121,2.23,64.97,50.78,4.13,0.17,122.27,144.73
1122,1.95,62.23,49.56,4.56,0.13,118.43,133.41
1123,2.46,61.26,44.04,3.64,0.16,111.56,150.31
1124,1.43,68.12,51.60,5.05,0.19,126.39,151.81
1125,1.57,84.34,46.62,4.17,0.16,136.88,160.28
1126,3.65,68.01,56.39,4.39,0.18,132.62,168.80
1127,1.63,68.79,47.94,4.14,0.16,122.66,162.67
1128,2.22,65.27,54.31,3.56,0.15,125.50,131.62
1129,2.19,67.80,48.98,4.34,0.20,123.51,128.37
1130,1.98,66.75,51.84,3.90,0.17,124.64,128.74
1131,3.05,61.27,46.56,5.13,0.18,116.18,152.49
1132,1.51,69.49,49.60,4.87,0.17,125.64,150.31
1133,2.18,59.11,44.08,4.11,0.17,109.65,134.46
1134,2.10,64.65,54.74,5.59,0.20,127.28,168.59
1135,1.85,66.86,51.15,3.68,0.19,123.73,131.89
1136,2.47,62.16,56.33,3.72,0.17,124.84,130.01
1137,1.48,64.89,52.76,3.35,0.13,122.60,127.49
1138,1.39,64.05,50.27,4.86,0.16,120.73,154.21
1139,4.18,72.62,52.96,3.33,0.13,133.21,161.46
1140,2.93,63.21,48.91,3.84,0.16,119.05,181.14
1141,1.62,59.77,51.63,3.37,0.13,116.53,143.61
1142,1.39,65.31,41.10,3.31,0.13,111.24,123.69
1143,1.35,65.37,47.58,4.26,0.17,118.73,147.05
1144,1.41,60.23,57.13,3.35,0.13,122.26,143.77
1145,1.56,75.14,52.60,3.85,0.17,133.32,182.57
1146,1.96,72.02,51.10,4.22,0.21,129.52,151.06
1147,1.97,64.58,50.14,3.97,0.17,120.84,142.97
1148,2.01,70.16,50.39,3.94,0.16,126.66,144.59
1149,2.50,55.82,51.65,3.75,0.16,113.88,149.33
1150,2.08,59.26,48.04,3.57,0.13,113.08,145.89
1151,1.95,53.47,52.86,4.62,0.24,113.13,146.52
1152,3.66,65.34,42.65,3.76,0.14,115.55,145.92
1153,3.34,70.05,39.82,3.33,0.13,116.68,148.23
1154,1.29,59.08,50.07,3.92,0.16,114.53,180.74
1155,2.88,58.80,49.18,3.64,0.16,114.66,146.97
1156,1.46,100.47,14.28,3.36,0.13,119.70,153.87
1157,2.02,56.47,50.48,3.42,0.13,112.51,150.56
1158,1.57,58.86,49.97,3.47,0.14,114.00,149.88
1159,2.72,63.53,52.51,3.48,0.13,122.37,155.51
1160,1.31,71.72,53.15,4.19,0.17,130.54,135.74
1161,1.41,59.31,53.82,3.83,0.17,118.54,144.95
1162,1.55,71.64,59.89,5.24,0.18,138.50,171.35
1163,1.43,62.22,51.40,3.45,0.13,118.63,141.32
1164,2.15,62.02,47.87,3.97,0.17,116.17,139.76
1165,2.08,59.72,46.73,3.67,0.16,112.37,143.73
1166,2.14,71.40,45.13,3.37,0.13,122.16,149.33
1167,1.37,54.13,51.25,3.72,0.16,110.64,114.79
1168,2.15,60.44,53.63,3.57,0.16,119.96,153.70
1169,1.64,63.95,45.80,3.82,0.20,115.41,155.08
1170,1.63,58.53,47.65,3.63,0.16,111.59,120.30
1171,1.46,58.43,51.46,5.12,0.16,116.63,127.23
1172,1.54,56.77,56.05,5.33,0.19,119.87,139.15
1173,1.42,81.93,75.12,4.72,0.23,163.41,189.24
1174,2.00,65.77,56.56,4.28,0.17,128.77,170.76
1175,1.57,59.03,55.69,3.59,0.16,120.04,147.31
1176,2.12,50.47,55.62,3.75,0.17,112.14,117.27
1177,5.36,65.15,47.22,3.28,0.13,121.14,157.66
1178,1.41,63.56,48.97,3.91,0.14,117.99,159.62
1179,1.93,50.34,59.19,4.11,0.18,115.76,130.82
1180,1.59,70.57,37.08,3.84,0.17,113.25,136.76
1181,1.68,66.83,42.45,4.99,0.17,116.13,172.23
1182,1.68,73.86,46.44,3.23,0.13,125.35,148.64
1183,2.49,54.64,49.54,3.68,0.16,110.52,146.29
1184,1.78,61.97,51.33,3.28,0.13,118.48,148.63
1185,2.01,76.43,45.47,3.75,0.15,127.82,162.59
1186,1.37,64.23,47.29,3.77,0.19,116.85,132.48
1187,1.48,78.60,62.13,3.82,0.17,146.21,166.75
1188,1.42,70.82,63.03,4.00,0.17,139.43,160.05
1189,1.47,67.61,60.26,4.06,0.16,133.56,147.30
1190,2.10,68.84,57.06,6.41,0.17,134.58,168.93
1191,1.49,67.04,57.80,3.63,0.16,130.12,187.09
1192,1.80,77.51,46.87,3.62,0.16,129.96,138.31
1193,1.54,62.50,55.65,3.72,0.20,123.61,149.11
1194,1.45,65.88,48.23,3.66,0.16,119.38,189.77
1195,2.04,61.00,51.08,4.69,0.17,118.99,125.97
1196,1.62,69.57,36.45,4.04,0.19,111.88,132.48
1197,1.37,67.08,49.94,3.61,0.16,122.16,143.96
1198,1.37,62.84,48.65,3.89,0.13,116.88,145.74
1199,1.50,47.81,54.93,3.92,0.16,108.33,111.63
1200,2.57,59.81,56.52,4.25,0.17,123.32,153.57
1201,1.43,65.19,55.05,4.31,0.16,126.14,135.22
1202,1.80,56.46,54.06,4.40,0.19,116.91,141.61
1203,1.54,57.44,53.56,3.68,0.16,116.37,155.19
1204,1.62,61.83,50.68,4.90,0.19,119.21,126.52
1205,1.73,61.30,34.05,4.67,0.18,101.94,120.23
1206,3.15,72.17,37.56,3.55,0.18,116.60,158.52
1207,1.44,66.08,41.52,3.74,0.17,112.94,123.32
1208,1.38,63.03,37.75,3.38,0.13,105.67,115.38
1209,2.10,64.54,48.35,3.75,0.18,118.92,150.77
1210,2.00,54.10,54.69,3.26,0.15,114.19,117.69
1211,1.67,60.21,48.82,4.04,0.18,114.91,117.97
1212,1.95,62.02,50.59,4.64,0.19,119.39,157.27
1213,2.07,55.89,55.11,3.86,0.16,117.10,130.20
1214,1.91,61.49,53.14,4.94,0.19,121.67,173.80
1215,3.57,65.81,37.10,3.74,0.17,110.40,114.59
1216,1.43,68.40,49.22,4.47,0.18,123.70,156.44
1217,1.57,50.23,58.77,4.11,0.18,114.84,158.62
1218,1.96,68.73,39.09,3.96,0.16,113.90,128.90
1219,1.40,51.61,57.29,6.09,0.17,116.55,134.19
1220,2.14,66.08,39.63,5.94,0.18,113.97,138.09
1221,2.19,72.53,51.08,3.68,0.16,129.63,151.88
1222,2.10,62.05,45.17,3.57,0.16,113.05,117.25
1223,1.43,59.90,55.66,3.72,0.17,120.89,126.66
1224,1.46,54.76,52.39,3.33,0.13,112.07,159.23
1225,1.33,59.75,48.86,3.57,0.15,113.66,124.12
1226,1.59,68.48,51.04,4.67,0.18,125.96,136.46
1227,1.36,60.28,47.38,5.04,0.16,114.22,133.75
1228,2.16,61.07,52.30,5.51,0.22,121.26,141.29
1229,1.86,60.18,53.63,3.75,0.17,119.59,183.44
1230,2.10,60.08,59.58,3.60,0.17,125.53,160.67
1231,1.95,60.56,51.32,3.75,0.24,117.82,130.51
1232,1.36,69.32,52.01,3.33,0.13,126.15,145.73
1233,1.26,58.50,53.75,3.85,0.17,117.54,181.45
1234,2.31,69.60,41.05,3.51,0.15,116.61,151.22
1235,1.51,66.56,45.57,3.52,0.16,117.33,187.20
1236,1.52,60.13,53.55,3.64,0.17,119.00,130.02
1237,1.46,63.18,57.41,3.86,0.15,126.07,140.43
1238,1.47,60.16,50.63,3.73,0.16,116.15,144.89
1239,1.47,64.69,50.57,3.56,0.16,120.45,185.97
1240,2.33,63.76,51.86,3.66,0.18,121.78,160.78
1241,1.58,57.91,46.99,3.28,0.13,109.89,125.72
1242,1.45,60.31,46.81,4.22,0.20,112.98,125.75
1243,1.63,56.08,44.67,3.33,0.13,105.84,154.79
1244,2.02,61.30,50.00,3.33,0.13,116.78,123.67
1245,1.29,56.45,47.81,3.31,0.13,109.00,114.72
1246,2.40,56.40,47.44,4.17,0.15,110.57,143.30
1247,1.89,67.01,50.09,4.48,0.28,123.74,159.03
1248,1.97,56.65,52.17,3.63,0.17,114.60,128.40
1249,1.97,61.63,50.80,3.82,0.17,118.40,134.32
1250,1.55,58.83,53.09,3.95,0.17,117.60,169.68
1251,1.31,57.46,56.77,3.80,0.20,119.53,149.12
1252,2.16,64.92,52.73,3.57,0.18,123.56,155.47
1253,2.17,58.99,55.97,3.60,0.16,120.88,132.15
1254,1.95,62.21,53.64,4.65,0.19,122.63,144.10
1255,1.68,60.43,56.31,5.11,0.20,123.72,159.90
1256,2.23,63.73,41.63,4.14,0.16,111.89,131.38
1257,1.71,66.78,42.18,3.65,0.16,114.49,131.62
1258,1.46,65.84,40.49,3.71,0.16,111.65,130.22
1259,1.45,74.28,53.13,3.97,0.16,132.99,151.21
1260,2.02,66.22,44.07,4.48,0.20,116.99,121.61
1261,2.19,67.32,49.81,3.74,0.13,123.19,130.88
1262,2.00,58.66,53.66,5.36,0.16,119.85,169.93
1263,1.73,63.32,57.56,4.87,0.21,127.69,148.91
1264,1.65,57.93,48.15,3.39,0.15,111.26,120.80
1265,2.12,68.59,47.93,3.59,0.15,122.39,161.58
1266,1.46,60.65,52.41,3.30,0.14,117.96,132.66
1267,1.59,59.84,50.10,3.58,0.13,115.22,167.25
1268,1.85,63.00,49.77,5.03,0.19,119.84,137.11
1269,1.80,69.34,39.52,5.15,0.18,115.99,142.90
1270,1.56,65.74,52.50,4.57,0.17,124.54,129.73
1271,1.90,59.28,55.05,3.81,0.17,120.21,173.70
1272,1.47,53.40,55.29,3.66,0.16,113.98,138.66
1273,1.85,66.63,50.26,3.78,0.14,122.66,145.15
1274,1.75,61.75,45.43,4.20,0.18,113.31,146.90
1275,1.57,60.73,47.76,3.35,0.13,113.55,149.99
1276,1.69,62.61,56.12,3.25,0.13,123.80,154.94
1277,2.15,60.59,51.92,4.39,0.18,119.23,125.44
1278,2.08,54.68,55.89,3.85,0.17,116.67,133.24
1279,2.01,62.14,55.00,3.70,0.16,123.01,141.00
1280,1.80,60.23,49.45,3.59,0.17,115.25,143.87
1281,1.35,61.28,47.05,4.01,0.20,113.89,145.19
1282,1.86,72.92,36.52,3.77,0.18,115.24,143.17
1283,1.41,69.99,40.72,4.63,0.18,116.93,147.93
1284,1.62,68.31,48.93,4.76,0.15,123.78,193.91
1285,1.69,52.16,53.73,5.54,0.19,113.31,126.45
1286,2.24,59.90,47.47,4.50,0.17,114.29,133.72
1287,2.81,66.78,55.01,3.56,0.14,128.30,152.02
1288,1.27,57.11,53.10,3.74,0.16,115.37,120.19
1289,1.56,65.03,40.02,4.20,0.27,111.08,118.79
1290,1.52,59.41,50.49,3.60,0.16,115.18,157.60
1291,1.96,64.88,47.96,3.74,0.17,118.71,135.33
1292,4.23,59.84,47.55,3.65,0.17,115.44,138.25
1293,2.07,69.97,39.31,4.22,0.16,115.74,141.52
1294,1.86,67.84,44.76,3.78,0.17,118.42,178.98
1295,1.96,72.82,48.41,3.60,0.12,126.91,157.49
1296,1.29,62.29,50.58,3.32,0.13,117.61,125.52
1297,1.55,55.85,47.44,3.74,0.17,108.74,153.68
1298,1.51,58.26,47.95,3.59,0.16,111.46,118.52
1299,2.22,66.66,41.20,4.42,0.16,114.66,123.89
1300,2.09,59.66,50.02,3.54,0.16,115.46,122.62
1301,1.52,58.79,48.27,4.44,0.16,113.19,125.84
1302,1.86,54.24,49.18,4.44,0.19,109.91,132.19
1303,1.49,60.23,49.80,3.51,0.14,115.17,135.95
1304,1.34,58.84,46.10,3.59,0.13,110.00,131.73
1305,2.38,52.34,46.31,3.74,0.14,104.92,124.43
1306,1.62,54.76,54.31,3.57,0.16,114.42,160.35
1307,1.56,60.34,49.63,3.26,0.13,114.91,127.79
1308,1.34,56.53,47.10,3.29,0.13,108.38,124.10
1309,1.58,56.09,47.78,3.44,0.16,109.03,117.18
1310,1.41,69.96,49.33,3.71,0.19,124.59,128.39
1311,1.55,58.57,50.99,4.36,0.16,115.64,134.58
1312,1.78,59.45,48.55,3.80,0.14,113.71,131.52
1313,2.05,61.49,48.50,4.17,0.16,116.37,135.41
1314,1.69,58.13,48.92,4.49,0.17,113.39,134.65
1315,2.71,74.36,44.56,3.37,0.14,125.14,154.74
1316,1.32,55.52,53.55,4.34,0.15,114.88,120.05
1317,1.31,54.00,51.86,4.14,0.17,111.49,122.94
1318,1.69,60.37,49.96,4.56,0.21,116.78,125.17
1319,1.57,57.47,50.29,4.61,0.17,114.10,129.22
1320,1.55,54.34,50.88,4.40,0.19,111.36,166.91
1321,1.53,61.50,54.23,3.70,0.16,121.11,141.27
1322,1.95,61.91,56.62,3.79,0.17,124.45,150.10
1323,1.84,55.12,49.22,4.74,0.18,111.09,123.81
1324,1.74,66.43,40.36,4.38,0.19,113.10,124.50
1325,1.53,65.58,40.01,3.77,0.16,111.05,158.99
1326,1.67,65.14,41.22,4.51,0.17,112.71,122.90
1327,1.54,68.83,47.14,3.96,0.19,121.66,136.10
1328,1.48,58.47,53.89,3.60,0.16,117.61,176.27
1329,1.77,60.75,53.36,5.20,0.17,121.24,148.85
1330,1.80,57.43,52.11,4.08,0.15,115.56,154.13
1331,2.19,66.60,50.13,3.61,0.16,122.69,167.83
1332,1.96,63.57,48.97,3.25,0.13,117.88,138.22
1333,1.40,55.37,44.85,5.14,0.16,106.91,163.19
1334,1.99,68.30,47.92,5.01,0.18,123.41,149.09
1335,2.02,59.54,49.49,3.41,0.13,114.59,121.87
1336,1.55,61.01,49.03,3.67,0.17,115.44,120.91
1337,1.91,67.97,43.15,3.97,0.17,117.17,126.95
1338,1.71,52.77,53.46,3.25,0.13,111.31,123.96
1339,1.43,57.93,45.48,3.78,0.16,108.79,119.11
1340,1.28,61.48,41.26,4.30,0.19,108.52,147.43
1341,3.09,68.07,45.42,3.26,0.13,119.97,186.28
1342,1.33,47.98,56.79,3.35,0.14,109.60,145.98
1343,2.53,52.93,50.29,3.98,0.15,109.87,144.14
1344,2.43,58.50,52.12,3.29,0.15,116.49,148.47
1345,2.55,55.94,48.39,4.26,0.13,111.27,146.19
1346,1.30,60.59,51.87,3.50,0.13,117.39,146.73
1347,1.60,64.64,37.19,3.72,0.19,107.35,145.77
1348,3.55,70.77,44.50,4.76,0.15,123.74,155.29
1349,1.60,54.10,48.25,3.61,0.13,107.69,123.81
1350,1.62,53.69,56.74,3.19,0.13,115.38,122.13
1351,1.37,57.35,49.49,4.17,0.20,112.58,124.98
1352,1.47,54.79,50.97,3.62,0.13,110.98,123.92
1353,2.20,54.95,55.48,3.70,0.17,116.51,132.38
1354,2.25,58.89,50.18,4.38,0.18,115.88,135.13
1355,1.54,60.82,54.81,4.03,0.18,121.38,145.05
1356,2.69,55.35,57.64,4.48,0.17,120.34,155.59
1357,1.36,54.88,56.30,3.92,0.17,116.64,126.58
1358,1.70,58.28,53.61,3.60,0.16,117.36,132.68
1359,2.16,61.62,50.02,3.66,0.16,117.61,139.06
1360,1.88,60.60,51.36,3.23,0.13,117.22,144.19
1361,1.39,59.45,49.92,4.72,0.21,115.69,177.25
1362,2.58,57.24,54.66,5.12,0.19,119.79,154.69
1363,1.68,64.78,40.57,3.76,0.17,110.97,121.71
1364,1.59,62.71,48.42,3.76,0.16,116.64,126.74
1365,1.44,58.86,51.14,3.46,0.16,115.05,125.64
1366,2.11,70.15,38.11,3.84,0.18,114.39,128.94
1367,3.79,69.10,48.14,3.36,0.14,124.52,140.45
1368,2.21,64.37,41.14,3.68,0.17,111.57,174.65
1369,2.85,62.18,56.76,3.68,0.19,125.65,150.41
1370,1.42,56.07,48.80,3.42,0.16,109.88,116.51
1371,1.95,64.26,51.04,5.98,0.13,123.36,176.91
1372,5.92,80.52,41.80,3.40,0.13,131.78,171.23
1373,5.58,82.75,52.29,3.68,0.17,144.47,153.89
1374,3.67,96.03,60.25,5.68,0.16,165.80,180.22
1375,16.33,109.44,45.05,3.48,0.21,174.51,220.74
1376,3.50,82.70,51.56,6.52,0.17,144.46,195.60
1377,3.41,100.56,49.68,3.70,0.16,157.52,206.33
1378,34.16,80.02,45.75,4.26,0.23,164.43,218.48
1379,4.68,73.49,45.05,4.35,0.16,127.73,170.19
1380,1.56,82.55,46.58,5.66,0.17,136.52,194.47
1381,5.78,76.56,52.56,3.60,0.15,138.66,173.79
1382,6.36,65.39,35.06,6.03,0.16,113.00,146.36
1383,3.47,75.91,52.08,3.31,0.13,134.91,164.77
1384,3.31,67.56,43.97,3.58,0.13,118.55,141.07
1385,5.30,65.17,51.30,3.41,0.14,125.31,136.55
1386,3.58,85.87,50.63,3.32,0.13,143.54,203.76
1387,8.62,110.51,31.32,3.42,0.13,154.01,172.25
1388,13.12,98.91,41.80,4.03,0.15,158.00,222.30
1389,4.25,88.71,45.10,4.30,0.18,142.52,212.97
1390,6.18,79.49,48.29,4.62,0.17,138.75,212.44
1391,3.43,100.70,56.57,3.92,0.16,164.77,240.53
1392,1.85,81.93,46.69,11.23,0.16,141.86,205.17
1393,7.31,76.11,51.69,3.76,0.16,139.03,169.86
1394,6.62,94.70,47.13,3.78,0.16,152.40,193.81
1395,4.27,78.09,46.78,3.75,0.16,133.05,185.23
1396,7.53,100.05,48.53,3.99,0.17,160.27,192.94
1397,6.88,84.32,42.08,3.59,0.16,137.03,192.85
1398,5.60,76.52,43.38,3.76,0.17,129.43,145.98
1399,13.82,93.89,39.91,3.83,0.16,151.61,226.09
1400,1.99,127.05,50.72,3.60,0.16,183.53,266.85
1401,2.24,134.78,47.86,3.76,0.16,188.80,268.73
1402,2.64,81.84,46.80,4.04,1.38,136.70,254.89
1403,3.99,102.92,51.08,3.88,0.16,162.04,251.26
1404,3.84,76.99,53.50,3.60,0.16,138.09,214.18
1405,2.76,77.91,33.15,3.70,0.16,117.69,158.50
1406,1.93,95.09,46.35,3.68,0.31,147.36,169.81
1407,5.15,103.47,47.47,3.75,0.17,160.01,219.20
1408,5.88,84.19,58.08,3.94,0.17,152.25,213.92
1409,2.36,110.56,48.49,4.28,0.20,165.89,205.54
1410,2.78,132.47,30.44,19.12,0.16,184.98,211.64
1411,12.54,123.86,39.17,4.42,0.16,180.15,236.92
1412,8.78,106.30,45.63,3.77,0.16,164.63,227.40
1413,2.86,93.59,39.96,4.14,0.19,140.74,190.46
1414,2.29,90.42,48.89,3.66,0.16,145.43,188.37
1415,5.87,76.92,46.29,4.02,0.17,133.27,180.63
1416,4.29,78.14,44.49,3.93,0.16,131.00,139.02
1417,3.73,79.93,57.62,4.08,0.19,145.55,154.23
1418,2.26,71.97,58.47,3.87,0.19,136.75,143.78
1419,2.71,74.88,39.35,5.01,0.17,122.12,151.96
1420,1.60,75.14,45.93,3.62,0.15,126.45,173.32
1421,1.25,67.62,60.51,4.03,0.17,133.57,158.99
1422,1.55,73.95,54.46,3.67,0.18,133.81,144.81
1423,1.57,58.39,49.26,5.67,0.15,115.04,145.81
1424,2.95,75.29,46.12,3.27,0.15,127.79,158.57
1425,1.45,70.53,53.31,3.77,0.14,129.20,137.63
1426,2.08,59.15,58.01,3.46,0.18,122.88,147.87
1427,3.09,74.58,44.60,3.07,0.13,125.46,156.53
1428,1.35,75.52,42.93,3.37,0.15,123.32,134.25
1429,1.43,72.21,50.42,5.34,0.22,129.62,181.21
1430,1.42,64.80,45.55,3.52,0.14,115.44,148.00
1431,1.62,68.05,58.60,3.23,0.14,131.64,166.53
1432,1.58,59.53,42.26,3.28,0.13,106.78,135.45
1433,2.75,66.41,60.45,5.13,0.19,134.93,183.67
1434,1.46,76.64,54.66,3.45,0.17,136.37,147.31
1435,1.52,66.67,40.73,3.41,0.13,112.46,117.05
1436,1.41,72.04,57.19,3.50,0.17,134.32,165.81
1437,2.06,63.66,54.88,3.40,0.18,124.19,146.09
1438,1.61,75.97,46.93,3.58,0.18,128.27,157.65
1439,2.26,57.42,58.77,4.34,0.27,123.06,169.07
1440,1.71,67.82,50.16,3.19,0.14,123.01,149.32
1441,2.65,65.76,42.29,4.21,0.17,115.07,181.99
1442,1.53,73.14,40.10,4.31,0.18,119.26,123.59
1443,1.41,68.45,55.08,3.59,0.17,128.70,171.86
1444,3.94,66.53,44.87,3.48,0.14,118.96,147.60
1445,2.00,68.16,46.44,4.12,0.17,120.88,156.99
1446,1.53,72.28,46.58,3.16,0.12,123.67,164.15
1447,1.48,60.77,44.63,3.14,0.13,110.15,127.73
1448,1.38,70.57,46.37,4.07,0.19,122.58,134.99
1449,1.49,58.15,56.36,3.90,0.20,120.10,182.41
1450,1.61,66.38,50.40,4.28,0.17,122.84,157.82
1451,1.50,72.53,50.63,3.81,0.17,128.65,138.02
1452,2.22,63.30,46.86,3.85,0.17,116.39,143.51
1453,1.40,69.80,49.81,4.10,0.18,125.28,188.98
1454,2.46,64.72,48.59,6.25,0.17,122.20,138.24
1455,2.20,68.60,51.26,4.47,0.22,126.75,149.11
1456,2.25,67.76,48.34,3.27,0.14,121.75,158.39
1457,1.60,65.21,54.47,6.87,0.14,128.30,138.88
1458,1.66,60.97,52.45,3.27,0.13,118.49,140.23
1459,1.27,67.61,56.66,3.26,0.13,128.93,156.52
1460,1.34,59.77,47.74,3.30,0.13,112.29,154.47
1461,2.07,70.69,62.62,3.64,0.18,139.20,144.46
1462,1.55,74.38,42.74,3.50,0.19,122.35,151.54
1463,1.72,67.42,57.22,3.12,0.13,129.61,140.66
1464,1.45,62.50,49.59,4.74,0.18,118.45,140.53
1465,1.58,57.32,48.88,3.17,0.13,111.08,143.00
1466,2.18,66.41,57.96,3.06,0.13,129.74,154.87
1467,2.92,58.57,54.05,3.10,0.13,118.77,129.37
1468,2.11,60.24,58.99,3.59,0.18,125.12,137.84
1469,1.69,72.17,55.33,4.24,0.16,133.59,190.48
1470,1.45,64.48,56.24,4.09,0.14,126.40,139.83
1471,2.62,64.57,59.20,3.13,0.13,129.66,189.50
1472,2.05,66.87,57.13,3.48,0.16,129.68,170.10
1473,1.71,60.62,52.65,3.27,0.13,118.39,141.69
1474,1.39,62.53,55.70,3.22,0.16,123.00,181.36
1475,1.30,55.25,54.21,3.24,0.14,114.15,147.00
1476,1.58,58.89,55.83,3.17,0.14,119.60,153.45
1477,1.27,64.96,55.90,3.48,0.14,125.74,129.47
1478,1.52,60.88,55.53,3.22,0.13,121.28,170.15
1479,2.22,62.37,52.43,3.24,0.14,120.40,140.28
1480,1.35,63.77,54.82,3.20,0.13,123.27,148.30
1481,1.57,60.77,62.16,3.44,0.20,128.14,197.92
1482,1.43,62.83,52.25,4.79,0.40,121.71,173.25
1483,1.60,70.35,55.35,3.78,0.16,131.24,158.88
1484,1.48,62.48,56.53,4.43,0.18,125.10,135.41
1485,2.19,69.66,55.62,3.44,0.16,131.07,156.06
1486,1.40,69.77,54.50,3.10,0.14,128.91,139.13
1487,1.40,60.64,51.93,3.24,0.13,117.34,141.68
1488,1.49,68.07,53.23,4.05,0.17,127.00,186.10
1489,1.88,75.24,47.38,4.25,0.21,128.96,166.22
1490,2.14,73.58,58.64,4.56,0.18,139.09,188.34
1491,1.93,67.37,55.50,3.77,0.17,128.74,142.21
1492,1.57,78.10,56.37,4.95,0.17,141.16,172.93
1493,1.85,65.09,59.90,3.21,0.13,130.19,160.94
1494,1.30,62.09,46.18,3.15,0.13,112.85,123.73
1495,3.08,63.27,55.41,3.29,0.14,125.19,139.49
1496,1.28,58.41,54.75,3.17,0.13,117.74,174.12
1497,2.12,65.78,52.46,3.09,0.13,123.57,147.07
1498,1.34,65.06,54.66,4.11,0.15,125.31,159.22
1499,1.78,65.80,59.84,3.72,0.21,131.36,177.28
1500,4.37,61.61,51.99,3.15,0.13,121.25,150.85
1501,1.32,65.26,49.74,3.16,0.13,119.60,126.23
1502,1.35,66.11,53.02,3.56,0.20,124.24,130.61
1503,1.78,69.87,41.13,3.11,0.17,116.05,133.16
1504,2.62,75.23,58.10,3.55,0.16,139.66,153.13
1505,1.59,65.58,61.52,3.56,0.18,132.42,138.86
1506,2.06,75.97,50.15,3.12,0.13,131.43,157.09
1507,2.18,62.27,46.89,3.74,0.14,115.22,122.14
1508,1.76,66.74,42.24,3.44,0.15,114.33,154.53
1509,1.59,60.26,49.17,4.32,0.15,115.48,123.28
1510,1.85,67.38,47.48,4.30,0.19,121.20,134.15
1511,1.51,72.67,47.13,4.13,0.20,125.63,148.63
1512,1.38,61.12,51.39,3.20,0.13,117.22,121.04
1513,1.42,70.23,51.41,3.45,0.13,126.65,167.15
1514,1.29,64.13,51.07,3.24,0.14,119.87,167.92
1515,1.68,67.80,50.73,3.12,0.13,123.46,140.97
1516,2.06,60.90,53.54,3.29,0.14,119.93,147.02
1517,3.57,64.51,52.16,3.23,0.14,123.61,157.54
1518,1.34,61.16,54.58,3.11,0.14,120.33,128.25
1519,1.96,71.02,43.27,3.30,0.14,119.69,165.70
1520,2.83,69.70,50.14,3.10,0.13,125.89,143.35
1521,1.37,70.30,50.90,3.34,0.14,126.05,150.86
1522,1.33,59.15,49.74,3.25,0.14,113.61,118.86
1523,1.82,66.76,42.23,3.86,0.14,114.81,150.73
1524,1.44,69.06,65.02,3.63,0.21,139.35,208.39
1525,2.21,76.01,55.61,4.42,0.18,138.42,163.74
1526,1.52,57.96,52.70,3.22,0.15,115.55,134.56
1527,1.38,67.22,61.13,4.08,0.19,134.00,149.72
1528,2.24,77.00,52.07,3.56,0.16,135.03,138.95
1529,1.48,65.63,47.71,4.17,0.14,119.13,145.61
1530,1.42,75.38,65.72,3.53,0.17,146.21,175.34
1531,3.87,83.19,51.00,4.46,0.16,142.67,174.82
1532,1.65,65.00,60.74,5.28,0.18,132.85,194.54
1533,1.88,71.26,63.29,3.95,0.18,140.56,160.34
1534,2.09,77.93,53.29,4.25,0.18,137.75,151.38
1535,1.53,64.83,56.44,3.56,0.13,126.49,134.74
1536,1.93,63.32,62.34,3.40,0.16,131.15,187.49
1537,1.38,78.72,55.29,4.21,0.18,139.78,181.62
1538,1.69,67.68,55.58,3.78,0.18,128.92,133.05
1539,2.27,73.85,65.35,4.53,0.16,146.15,166.74
1540,2.20,69.69,56.69,3.59,0.17,132.34,155.54
1541,2.05,74.49,64.33,3.26,0.14,144.28,155.39
1542,2.30,65.10,50.56,3.19,0.14,121.30,159.14
1543,3.38,73.23,54.36,3.48,0.16,134.60,142.48
1544,1.51,71.29,51.42,3.48,0.17,127.88,157.20
1545,1.63,66.01,55.58,4.05,0.17,127.45,137.34
1546,1.46,63.00,53.30,3.48,0.14,121.37,146.50
1547,1.38,73.56,48.09,3.97,0.14,127.14,154.19
1548,1.39,65.54,59.28,3.34,0.14,129.70,136.54
1549,1.31,67.22,53.93,3.51,0.14,126.12,179.20
1550,2.25,68.71,50.56,4.14,0.16,125.82,160.32
1551,1.59,69.53,51.54,4.27,0.18,127.11,140.92
1552,1.79,92.04,42.13,3.33,0.19,139.49,164.52
1553,2.37,71.39,48.43,3.82,0.14,126.16,144.82
1554,1.35,70.21,37.63,3.27,0.13,112.60,140.29
1555,1.36,69.16,50.87,4.04,0.20,125.63,151.03
1556,1.50,69.13,47.31,3.65,0.17,121.76,156.54
1557,1.52,84.80,50.87,3.60,0.16,140.95,149.41
1558,1.40,65.77,56.49,3.08,0.13,126.86,133.16
1559,1.74,67.62,53.72,4.01,0.14,127.24,178.73
1560,1.72,82.30,50.11,3.81,0.15,138.08,170.26
1561,1.48,73.63,55.29,3.45,0.16,134.01,155.99
1562,1.46,70.44,48.65,3.87,0.19,124.61,133.64
1563,3.57,65.72,50.68,3.25,0.13,123.36,146.11
1564,1.47,67.15,50.63,3.70,0.35,123.29,150.84
1565,1.27,63.13,48.88,3.71,0.14,117.13,155.08
1566,3.21,69.05,56.66,4.17,0.15,133.25,175.60
1567,1.72,58.88,55.69,4.72,0.13,121.14,124.59
1568,2.00,60.84,48.77,3.11,0.13,114.85,124.31
1569,1.40,63.87,56.49,3.43,0.13,125.33,168.87
1570,1.29,73.17,58.37,3.41,0.16,136.39,164.67
1571,1.86,66.61,51.41,3.28,0.14,123.30,139.23
1572,2.04,66.22,48.00,3.18,0.14,119.57,144.70
1573,1.26,69.73,56.73,3.46,0.16,131.35,156.42
1574,2.09,66.50,58.90,3.62,0.17,131.29,142.96
1575,1.95,71.25,57.93,3.38,0.16,134.67,196.71
1576,2.37,61.86,57.49,3.22,0.13,125.07,137.23
1577,1.47,65.79,53.30,4.22,0.17,124.95,146.77
1578,1.94,74.37,45.03,3.09,0.13,124.56,157.45
1579,1.73,59.90,54.70,3.26,0.13,119.73,127.61
1580,1.82,68.77,54.97,3.15,0.13,128.84,174.44
1581,1.40,61.76,50.97,3.15,0.13,117.41,141.17
1582,1.38,68.19,57.74,3.08,0.15,130.55,189.13
1583,1.35,61.63,52.21,3.90,0.13,119.22,158.49
1584,2.57,60.76,53.44,3.94,0.16,120.87,129.68
1585,1.86,63.38,50.09,3.96,0.15,119.45,136.94
1586,1.71,66.37,53.76,3.33,0.14,125.31,186.02
1587,1.52,59.22,53.18,4.20,0.15,118.27,155.56
1588,1.74,60.08,52.11,3.24,0.14,117.31,127.04
1589,1.39,60.72,57.57,3.34,0.14,123.15,168.02
1590,2.76,73.48,47.32,3.65,0.18,127.40,150.38
1591,1.33,54.86,52.16,3.88,0.15,112.39,146.86
1592,3.03,64.97,42.74,3.20,0.14,114.08,142.98
1593,2.39,73.06,49.75,3.76,0.13,129.10,158.34
1594,1.57,62.34,51.88,3.31,0.15,119.25,164.60
1595,1.44,66.97,54.14,3.42,0.20,126.16,140.30
1596,2.00,72.90,51.47,3.16,0.13,129.66,151.17
1597,1.39,64.55,60.47,3.07,0.13,129.60,133.90
1598,2.30,65.70,52.23,3.18,0.14,123.55,139.76
1599,1.39,66.69,56.88,3.84,0.16,128.96,187.02
1600,1.74,72.73,50.08,3.44,0.16,128.14,134.68
1601,1.56,66.18,58.65,3.51,0.14,130.03,149.19
1602,2.06,60.73,56.78,3.36,0.16,123.09,127.25
1603,1.63,66.45,58.74,3.16,0.15,130.13,140.04
1604,2.75,66.74,62.17,3.46,0.16,135.28,194.41
1605,1.68,62.75,59.78,3.57,0.14,127.93,142.12
1606,1.29,62.69,51.08,3.22,0.13,118.42,145.18
1607,1.87,62.63,53.52,3.13,0.13,121.29,150.60
1608,1.46,60.34,58.25,3.21,0.13,123.40,158.43
1609,1.51,79.60,52.45,3.29,0.16,137.02,145.24
1610,1.27,66.70,51.31,3.30,0.13,122.71,185.21
1611,1.50,71.49,62.72,3.50,0.16,139.36,143.03
1612,1.32,71.57,43.50,3.17,0.14,119.70,146.03
1613,1.25,65.45,40.37,4.07,0.16,111.31,141.97
1614,2.21,84.73,54.62,4.29,0.14,145.99,206.45
1615,1.31,62.82,55.20,3.38,0.14,122.86,148.47
1616,1.34,81.74,60.91,3.13,0.13,147.26,176.24
1617,1.41,76.36,45.75,3.20,0.13,126.86,188.48
1618,1.33,67.82,50.33,3.74,0.22,123.44,128.03
1619,1.42,68.26,57.11,4.03,0.15,130.96,142.77
1620,1.94,67.64,51.57,3.16,0.17,124.48,157.29
1621,1.64,63.29,50.89,3.20,0.13,119.15,126.48
1622,1.46,62.64,65.62,3.07,0.13,132.92,139.85
1623,1.65,65.00,54.80,3.76,0.14,125.34,150.83
1624,1.30,68.81,48.05,4.23,0.18,122.57,158.81
1625,2.14,64.74,54.98,5.33,0.13,127.31,138.56
1626,1.32,52.38,59.91,3.46,0.14,117.22,173.52
1627,1.63,64.18,46.69,3.94,0.13,116.58,138.88
1628,1.31,74.57,50.15,3.55,0.17,129.74,154.27
1629,1.62,67.95,55.22,3.58,0.17,128.54,133.40
1630,1.65,69.19,53.07,3.89,0.13,127.93,146.10
1631,2.13,60.14,50.30,4.82,0.14,117.54,152.45
1632,1.30,68.80,55.90,3.63,0.16,129.80,134.69
1633,1.67,68.95,57.92,3.79,0.17,132.50,154.03
1634,1.36,72.51,50.84,3.67,0.17,128.56,132.81
1635,1.49,70.16,55.77,4.32,0.29,132.04,149.21
1636,1.60,71.72,54.60,3.43,0.15,131.50,138.15
1637,1.87,55.66,48.63,3.28,0.13,109.57,133.50
1638,2.18,69.32,58.57,3.73,0.14,133.94,154.18
1639,1.34,70.94,53.81,3.45,0.15,129.69,166.19
1640,1.37,64.25,48.86,3.26,0.16,117.91,137.25
1641,1.65,61.05,55.87,3.67,0.15,122.39,142.37
1642,1.51,80.07,59.78,3.54,0.17,145.07,179.45
1643,2.96,63.18,55.51,4.25,0.15,126.04,157.24
1644,1.39,61.61,55.60,3.30,0.13,122.02,132.24
1645,1.47,66.88,55.62,3.21,0.14,127.33,145.38
1646,1.34,64.92,50.78,3.40,0.15,120.60,182.39
1647,1.49,68.81,50.42,3.45,0.14,124.31,156.10
1648,1.44,66.18,44.19,3.78,0.14,115.73,123.79
1649,1.38,71.31,44.53,3.31,0.16,120.69,161.14
1650,1.83,60.80,44.71,3.27,0.15,110.75,158.97
1651,1.48,69.00,53.76,6.29,0.18,130.71,139.03
1652,1.69,68.98,47.46,3.31,0.13,121.58,144.84
1653,1.45,64.40,48.26,3.11,0.14,117.35,147.27
1654,1.71,71.90,50.62,3.62,0.17,128.01,158.74
1655,1.39,73.23,53.29,3.65,0.19,131.75,149.02
1656,2.98,71.96,55.23,3.57,0.19,133.92,164.65
1657,1.41,66.58,53.56,3.19,0.15,124.89,143.32
1658,2.85,65.15,57.29,3.48,0.16,128.94,159.00
1659,1.49,59.34,49.82,3.21,0.17,114.04,161.20
1660,2.23,71.58,53.51,3.48,0.17,130.97,144.15
1661,1.58,69.20,57.31,3.36,0.16,131.60,195.71
1662,1.85,83.01,52.84,3.21,0.13,141.03,156.15
1663,2.58,65.48,57.34,4.97,0.17,130.53,139.70
1664,1.50,65.51,54.95,3.08,1.42,126.46,152.03
1665,1.50,58.19,53.26,3.35,0.14,116.43,122.41
1666,1.43,63.30,41.37,3.81,0.17,110.07,113.94
1667,2.15,65.23,47.34,3.48,0.17,118.37,121.77
1668,1.51,79.92,47.63,3.77,0.18,133.01,137.33
1669,1.71,64.09,50.38,3.78,0.21,120.17,144.35
1670,1.38,69.25,54.80,3.55,0.19,129.17,192.90
1671,1.86,62.72,57.63,3.20,0.13,125.54,138.24
1672,1.73,59.44,52.78,3.09,0.12,117.16,173.35
1673,2.82,62.24,59.00,3.58,0.17,127.82,150.97
1674,1.70,64.03,55.72,3.37,0.13,124.94,195.89
1675,1.51,66.45,52.53,4.47,0.13,125.09,173.81
1676,2.07,70.04,53.22,4.44,0.18,129.95,155.45
1677,1.71,59.90,55.38,3.80,0.14,120.93,130.67
1678,1.88,66.68,57.36,3.73,0.17,129.83,182.07
1679,2.31,73.28,52.09,3.23,0.13,131.04,164.61
1680,1.53,58.83,50.06,3.25,0.14,113.81,131.63
1681,1.47,65.13,52.75,3.17,0.14,122.66,135.61
1682,1.37,63.57,58.10,3.10,0.13,126.27,147.43
1683,2.91,64.67,54.03,3.15,0.13,124.89,154.75
1684,1.56,60.15,39.92,4.56,0.15,106.34,113.74
1685,2.05,69.29,55.67,3.37,0.16,130.54,160.93
1686,1.66,69.59,56.93,3.43,0.13,131.74,154.23
1687,3.38,79.45,48.85,3.27,0.14,135.09,149.06
1688,1.40,70.25,40.19,3.44,0.14,115.43,145.22
1689,2.42,58.88,44.70,4.14,0.14,110.29,140.90
1690,1.99,63.45,48.40,4.54,0.19,118.57,147.78
1691,1.45,73.06,49.07,3.89,0.18,127.66,161.80
1692,2.03,71.75,62.80,3.53,0.16,140.26,193.44
1693,1.92,74.26,55.54,4.30,0.22,136.25,148.13
1694,1.36,61.67,56.06,3.60,0.17,122.86,156.14
1695,1.60,65.76,52.78,3.13,0.13,123.41,130.16
1696,1.40,64.67,63.38,4.69,0.26,134.40,150.28
1697,2.21,67.11,46.40,3.76,0.17,119.65,157.40
1698,1.48,79.35,48.70,3.26,0.13,132.92,142.77
1699,1.35,63.92,52.02,5.11,0.25,122.64,147.08
1700,2.04,71.70,58.69,3.73,0.20,136.35,168.87
1701,2.09,60.61,51.24,4.37,0.19,118.50,139.69
1702,2.09,66.04,56.99,4.40,0.18,129.70,157.31
1703,2.11,66.93,49.33,4.41,0.19,122.98,167.47
1704,1.42,57.36,58.84,3.37,0.16,121.15,140.50
1705,2.41,68.04,56.75,3.19,0.13,130.52,157.30
1706,1.74,66.32,56.59,3.49,0.18,128.32,137.45
1707,1.51,66.81,53.50,3.15,0.13,125.11,148.89
1708,1.35,64.51,51.68,3.13,0.13,120.79,186.80
1709,1.44,62.31,56.38,3.12,0.13,123.37,160.84
1710,1.41,67.40,53.75,3.10,0.13,125.80,136.78
1711,1.33,67.38,50.43,3.23,0.14,122.52,176.76
1712,1.88,67.66,51.89,3.18,0.13,124.74,151.80
1713,3.09,60.95,47.01,3.35,0.14,114.54,117.64
1714,1.48,67.45,45.38,3.59,0.13,118.03,121.30
1715,1.53,62.04,40.41,3.22,0.14,107.34,146.65
1716,1.26,67.91,52.24,3.10,0.13,124.64,155.61
1717,1.38,60.84,47.84,3.25,0.13,113.45,117.51
1718,1.39,69.67,59.40,4.35,0.16,134.97,169.95
1719,1.56,70.23,47.88,5.33,0.20,125.20,152.63
1720,1.66,73.61,39.13,3.93,0.21,118.55,162.54
1721,2.37,67.76,49.84,4.97,0.16,125.09,143.71
1722,2.18,69.31,52.65,3.14,0.13,127.41,153.54
1723,1.97,66.86,49.63,4.36,0.18,123.00,127.82
1724,1.52,61.66,57.16,3.62,0.14,124.10,145.44
1725,2.22,63.61,48.52,3.21,0.13,117.69,147.73
1726,1.50,64.10,47.80,3.56,0.13,117.09,147.62
1727,1.33,60.96,57.83,3.24,0.14,123.49,155.81
1728,2.21,74.67,59.16,3.40,0.21,139.65,145.08
1729,1.43,74.03,49.77,4.05,0.17,129.45,159.68
1730,1.95,74.40,48.52,3.39,0.14,128.40,149.10
1731,2.46,71.26,54.70,3.08,0.14,131.64,198.45
1732,1.40,78.05,49.89,4.04,0.23,133.61,181.84
1733,1.64,83.11,49.42,3.51,0.14,137.81,171.19
1734,1.55,63.64,47.81,3.27,0.14,116.42,136.72
1735,2.07,70.26,56.48,4.46,0.15,133.42,155.39
1736,1.36,63.13,48.85,3.21,0.16,116.71,121.93
1737,2.21,78.12,62.45,3.89,0.15,146.81,154.11
1738,1.43,76.79,50.06,4.14,0.14,132.56,139.42
1739,2.76,68.50,44.99,3.40,0.18,119.83,140.85
1740,1.97,74.66,54.50,3.57,0.14,134.84,160.36
1741,1.49,70.57,54.05,3.51,0.14,129.78,141.06
1742,1.43,61.40,51.35,3.77,0.21,118.16,145.45
1743,2.03,72.06,47.63,4.49,0.15,126.36,152.96
1744,1.41,72.77,63.90,3.43,0.18,141.70,145.82
1745,1.92,85.73,41.24,4.14,0.18,133.21,164.86
1746,1.52,69.14,57.99,3.16,0.13,131.94,147.88
1747,1.43,72.59,59.16,3.75,0.13,137.06,170.27
1748,2.20,78.22,50.20,3.76,0.15,134.54,186.04
1749,1.30,65.67,49.19,3.28,0.13,119.58,124.87
1750,1.50,60.80,53.59,3.32,0.14,119.34,130.40
1751,1.63,61.06,58.51,3.24,0.13,124.56,136.77
1752,1.74,72.89,49.48,3.32,0.15,127.57,149.26
1753,1.54,80.75,45.73,4.71,0.13,132.87,175.80
1754,1.61,70.43,62.98,3.19,0.13,138.34,164.94
1755,1.72,68.37,43.71,3.33,0.14,117.26,132.78
1756,1.33,66.60,53.49,3.59,0.15,125.17,138.16
1757,1.58,76.10,56.09,3.50,0.16,137.42,162.34
1758,3.45,78.42,55.50,4.12,0.14,141.63,158.73
1759,1.27,75.37,48.71,3.99,0.15,129.50,174.92
1760,1.64,65.63,40.61,3.26,0.14,111.28,137.90
1761,1.33,67.48,53.31,4.61,0.14,126.87,183.72
1762,2.05,77.32,49.18,3.27,0.15,131.96,134.71
1763,1.47,74.32,58.56,3.73,0.17,138.24,154.82
1764,1.52,79.26,42.84,3.65,0.14,127.42,170.21
1765,1.74,62.53,57.00,3.15,0.14,124.56,180.84
1766,2.03,72.53,51.17,3.25,0.15,129.12,159.25
1767,2.11,60.30,56.75,3.42,0.15,122.73,165.93
1768,2.01,73.11,53.18,3.54,0.14,131.98,152.27
1769,2.04,71.59,49.69,3.25,0.13,126.71,191.02
1770,1.33,65.93,49.73,3.12,0.17,120.27,129.20
1771,2.01,54.48,57.00,3.09,0.13,116.71,131.63
1772,1.47,80.58,61.06,4.00,0.21,147.33,196.77
1773,1.67,71.83,53.01,3.79,0.17,130.47,152.18
1774,1.73,71.32,59.83,3.90,0.18,136.96,141.56
1775,1.48,68.90,57.73,3.25,0.14,131.51,156.08
1776,1.87,70.14,52.66,4.38,0.14,129.20,171.58
1777,1.54,71.16,49.77,4.49,0.15,127.11,147.38
1778,1.36,69.96,40.45,3.65,0.15,115.57,148.38
1779,1.94,68.75,55.13,3.67,0.14,129.63,159.71
1780,1.66,67.59,45.75,4.15,0.16,119.31,133.70
1781,2.00,66.42,60.43,3.15,0.13,132.13,151.44
1782,2.15,55.16,59.79,3.46,0.14,120.70,158.98
1783,1.33,70.43,56.96,3.05,0.16,131.94,140.60
1784,1.39,74.03,45.45,3.60,0.15,124.61,146.14
1785,3.08,68.41,50.11,3.64,0.14,125.38,188.82
1786,1.65,71.89,56.73,3.40,0.21,133.87,140.51
1787,1.46,66.62,57.35,3.74,0.18,129.34,167.03
1788,1.62,62.01,51.96,3.77,0.14,119.51,170.58
1789,1.38,68.10,53.00,3.64,0.17,126.29,153.44
1790,1.27,67.85,49.08,3.21,0.14,121.56,124.79
1791,1.50,66.76,51.93,3.59,0.14,123.90,166.32
1792,1.37,73.03,55.39,3.83,0.18,133.81,149.25
1793,3.45,76.62,59.02,3.76,0.20,143.06,180.93
1794,1.54,77.36,54.34,3.71,0.14,137.08,169.21
1795,1.46,62.85,56.71,3.21,0.14,124.36,144.66
1796,1.55,67.70,59.56,3.39,0.16,132.36,158.96
1797,2.11,81.21,52.61,3.98,0.16,140.07,155.98
1798,1.58,68.25,53.99,3.62,0.19,127.62,138.42
1799,2.27,70.77,53.51,3.20,0.14,129.89,151.48
1800,1.77,62.58,49.98,3.17,0.13,117.64,123.09
1801,1.35,69.65,50.38,4.24,0.17,125.79,130.11
1802,1.91,73.96,60.93,3.16,0.13,140.10,190.14
1803,1.49,66.86,49.36,3.79,0.15,121.65,130.23
1804,2.21,85.28,52.39,3.41,0.16,143.45,162.01
1805,1.65,62.23,61.20,3.27,0.14,128.49,175.03
1806,3.07,74.22,56.42,3.26,0.13,137.10,163.39
1807,1.31,74.00,53.04,3.33,0.15,131.82,148.61
1808,1.42,76.84,54.79,3.42,0.17,136.64,165.49
1809,3.04,81.32,50.92,3.75,0.19,139.22,193.91
1810,1.61,78.22,43.74,3.72,0.17,127.46,141.51
1811,1.67,78.12,46.79,3.49,0.16,130.24,192.23
1812,1.76,70.85,64.19,4.48,0.14,141.41,148.34
1813,1.38,69.20,57.50,3.47,0.15,131.70,137.66
1814,2.00,74.62,56.56,3.69,0.17,137.04,156.07
1815,1.71,65.41,59.13,3.78,0.15,130.19,174.72
1816,1.48,66.34,55.12,5.38,0.18,128.50,152.83
1817,1.53,69.87,43.92,3.71,0.13,119.15,140.72
1818,1.90,75.06,55.84,3.76,0.17,136.73,162.55
1819,1.42,82.93,53.26,3.56,0.16,141.33,156.29
1820,1.40,71.61,50.04,3.42,0.14,126.61,134.00
1821,1.59,60.63,54.24,3.32,0.13,119.92,140.68
1822,2.02,65.16,56.19,3.41,0.13,126.90,149.50
1823,1.34,67.01,45.07,3.59,0.14,117.14,120.59
1824,1.33,62.83,50.48,3.53,0.14,118.32,120.74
1825,1.49,78.51,44.50,3.39,0.13,128.03,166.74
1826,1.26,70.53,56.77,3.74,0.17,132.46,148.83
1827,1.72,62.20,54.45,5.09,0.20,123.66,163.01
1828,1.33,72.28,55.64,3.73,0.17,133.14,184.73
1829,1.52,60.89,55.92,5.21,0.13,123.68,160.36
1830,2.02,77.82,52.95,3.97,0.16,136.93,144.13
1831,1.43,67.69,53.96,4.03,0.19,127.30,171.46
1832,1.45,72.05,50.60,3.75,0.18,128.02,150.38
1833,2.23,69.90,48.60,3.60,0.14,124.47,162.49
1834,1.55,63.77,53.98,4.81,0.16,124.26,144.57
1835,1.72,55.71,55.95,3.26,0.13,116.77,154.23
1836,2.01,57.79,58.64,4.33,0.21,122.98,128.72
1837,1.44,63.40,48.40,3.57,0.13,116.95,133.23
1838,1.51,59.93,50.32,4.15,0.14,116.05,134.70
1839,1.40,69.13,56.88,3.76,0.16,131.33,156.68
1840,2.66,61.66,52.05,3.18,0.13,119.68,168.32
1841,1.49,76.49,56.98,4.11,0.17,139.24,161.68
1842,1.73,78.65,54.28,3.25,0.14,138.04,156.22
1843,1.30,72.21,41.68,3.42,0.17,118.78,125.06
1844,1.36,72.76,47.24,4.27,0.18,125.80,167.48
1845,1.41,65.30,53.24,3.66,0.20,123.81,142.68
1846,2.43,76.86,47.79,5.07,0.15,132.29,162.18
1847,1.58,58.51,53.43,3.36,0.13,117.02,135.93
1848,1.45,60.91,65.26,3.66,0.16,131.45,156.19
1849,1.46,65.68,49.37,3.24,0.13,119.88,128.03
1850,1.33,63.37,45.92,3.30,0.13,114.05,123.49
1851,1.27,64.20,54.09,5.06,0.17,124.78,134.02
1852,2.71,64.02,45.77,4.31,0.18,116.99,141.81
1853,1.38,78.14,48.40,3.39,0.16,131.47,156.35
1854,1.42,81.35,58.59,3.15,0.13,144.65,192.37
1855,1.31,65.15,55.32,3.74,0.17,125.69,135.72
1856,1.40,70.31,45.19,4.00,0.16,121.06,139.82
1857,1.33,53.54,54.33,3.69,0.14,113.04,138.68
1858,1.52,60.94,50.37,3.89,0.17,116.89,138.01
1859,1.47,59.55,53.56,3.35,0.13,118.06,142.68
1860,1.55,63.72,48.01,4.16,0.19,117.63,142.66
1861,2.49,67.49,40.12,5.16,0.15,115.41,148.59
1862,1.40,61.90,51.22,3.35,0.13,117.99,155.30
1863,1.79,72.06,54.12,3.58,0.20,131.76,144.58
1864,2.02,71.11,50.18,3.62,0.17,127.09,155.92
1865,2.30,74.03,42.65,3.78,0.20,122.96,134.58
1866,1.51,63.72,53.24,3.29,0.13,121.89,141.69
1867,2.11,68.90,51.56,5.03,0.17,127.76,154.42
1868,1.55,61.91,58.51,5.01,0.16,127.13,137.80
1869,1.40,72.33,47.93,3.62,0.17,125.44,148.08
1870,1.80,78.61,41.09,3.32,0.14,124.96,129.43
1871,2.10,71.99,48.51,3.82,0.17,126.58,174.55
1872,2.31,60.42,43.55,3.52,0.17,109.96,135.55
1873,1.63,63.62,55.04,3.87,0.17,124.33,144.40
1874,1.63,67.19,46.89,4.46,0.18,120.35,153.31
1875,1.47,71.97,47.54,5.60,0.18,126.76,135.35
1876,1.63,62.01,57.19,3.70,0.17,124.70,145.88
1877,2.00,72.81,43.71,3.53,0.17,122.22,155.02
1878,2.27,66.30,46.46,3.70,0.16,118.88,128.08
1879,2.30,73.33,47.61,3.49,0.14,126.87,147.08
1880,2.97,60.54,46.95,3.68,0.19,114.32,148.22
1881,1.57,69.82,42.60,3.29,0.13,117.41,150.17
1882,1.98,73.65,40.39,4.40,0.18,120.60,156.57
1883,1.53,56.67,55.68,3.79,0.14,117.81,160.14
1884,1.72,57.51,51.92,3.22,0.13,114.49,132.01
1885,1.51,62.04,47.04,3.26,0.14,113.99,159.32
1886,1.53,69.35,42.11,3.91,0.15,117.06,129.35
1887,2.13,66.66,46.11,5.00,0.19,120.08,169.61
1888,1.36,62.33,51.26,3.40,0.13,118.48,139.97
1889,2.01,63.64,56.41,5.07,0.20,127.33,185.22
1890,1.44,65.92,53.48,3.76,0.13,124.72,131.55
1891,2.48,62.45,47.09,3.22,0.13,115.37,128.14
1892,2.48,69.01,56.66,3.67,0.18,132.01,148.22
1893,3.26,77.83,61.83,3.61,0.16,146.69,214.54
1894,2.32,93.25,56.50,3.66,0.16,155.89,189.45
1895,1.66,78.03,59.77,5.18,0.17,144.81,191.62
1896,1.50,73.54,62.51,3.68,0.17,141.40,153.17
1897,2.08,74.42,67.22,3.91,0.17,147.80,155.70
1898,1.78,77.23,51.77,3.83,0.17,134.78,144.39
1899,2.21,75.50,61.04,3.68,0.17,142.60,175.37
1900,1.54,73.67,51.33,3.72,0.17,130.42,158.94
1901,2.42,77.08,52.70,3.57,0.17,135.94,149.68
1902,1.47,78.18,54.23,5.36,0.20,139.45,143.28
1903,1.58,83.00,52.64,4.24,0.20,141.65,173.73
1904,2.79,86.39,45.16,3.72,0.23,138.29,164.99
1905,3.46,82.70,64.93,3.78,0.21,155.08,172.95
1906,1.44,76.14,44.89,4.15,0.18,126.80,152.23
1907,1.62,78.20,49.08,4.05,0.18,133.12,142.86
1908,1.47,66.60,48.85,4.05,0.20,121.17,150.38
1909,1.43,60.17,48.54,3.83,0.15,114.12,118.26
1910,1.65,63.86,44.28,3.60,0.17,113.56,118.34
1911,1.34,71.07,46.91,3.67,0.19,123.18,130.39
1912,1.54,62.81,53.98,4.41,0.13,122.87,137.81
1913,1.54,60.58,49.19,5.18,0.18,116.67,144.08
1914,3.92,70.79,41.15,3.75,0.17,119.78,186.96
1915,1.50,70.23,49.35,4.54,0.21,125.83,166.26
1916,2.17,60.82,60.21,3.32,0.13,126.64,183.50
1917,2.01,67.08,51.84,4.22,0.18,125.32,162.39
1918,1.45,75.67,50.53,3.63,0.20,131.48,147.64
1919,1.46,70.98,52.05,3.37,0.14,128.00,161.14
1920,1.37,66.96,49.52,3.15,0.14,121.14,168.38
1921,1.38,72.83,43.94,3.74,0.17,122.06,140.43
1922,1.42,82.38,43.93,4.75,0.19,132.67,160.08
1923,1.35,70.17,47.06,4.59,0.21,123.38,143.06
1924,2.38,68.75,56.58,3.50,0.19,131.40,163.68
1925,1.72,74.05,57.59,5.48,0.17,139.02,159.82
1926,1.64,66.71,53.75,4.19,0.18,126.46,140.42
1927,1.45,79.19,47.45,3.27,0.14,131.49,155.46
1928,3.37,94.94,52.41,5.96,0.17,156.85,198.97
